Variable / Field Name,Form Name,Section Header,Field Type,Field Label,"Choices, Calculations, OR Slider Labels",Field Note,Text Validation Type OR Show Slider Number,Text Validation Min,Text Validation Max,Identifier?,Branching Logic (Show field only if...),Required Field?,Custom Alignment,Question Number (surveys only),Matrix Group Name,Matrix Ranking?,Field Annotation
study_id,demographics,,text,Study ID,,,,,,,,y,,,,,
site,demographics,Demographics Information,radio,Site,"1, UCH | 2, Utah",,,,,,,y,,,,,
ptinitials,demographics,,text,Patient Initials,,,,,,y,,y,,,,,
consent_signed,demographics,,radio,Has patient signed the informed consent form?,"1,Yes|2,No",,,,,,,,,,,,
consent_date,demographics,,text,Date consent signed,,MM/DD/YY,date_ymd,,,,"[consent_signed]=""1""",,,,,,
rand_group,demographics,,radio,Randomization Group,"1,C|2,M|3,M/D|4,B",,,,,,,,,,,,
dob,demographics,,text,Date of Birth,,MM/DD/YY,date_ymd,,,,,,,,,,
sex,demographics,,radio,Gender,"0, Female | 1, Male",,,,,,,,,,,,
race,demographics,,radio,Race,"1, White | 2, African-American | 3, Hispanic | 4, Asian | 5, American Indian/Alaskan | 6, Other",,,,,,,,,,,,
crf_mrn,summarycrf,,text,MR#,,,,,,y,,,,,,,
crf_ptinitials,summarycrf,,text,Patient Initials,,,,,,y,,,,,,,
crf_date,summarycrf,,text,Date,,MM/DD/YY,date_ymd,,,,,,,,,,
crf_genotypedone,summarycrf,Adrenergic receptor genotype,radio,Adrenergic receptor genotype complete?,"1,Yes|2,No",,,,,,,,,,,,
crf_b1389,summarycrf,,dropdown,B1389 genotype,"1, AA|2,GG|3,AG",,,,,,"[crf_genotypedone]=""1""",,,,,,
crf_a2c,summarycrf,,dropdown,A2Cgenotype,"1,WW|2,WD|3,DD",,,,,,"[crf_genotypedone]=""1""",,,,,,
crf_b1049,summarycrf,,dropdown,B1049 genotype,"1,SS|2,SG|3,GG",,,,,,"[crf_genotypedone]=""1""",,,,,,
crf_laststatus,summarycrf,Outcomes,radio,Last known status,"1,Alive|2,Expired|3,Transplanted|4,VAD",,,,,,,,,,,,
crf_laststatusdate,summarycrf,,text,Date of last known status,,MM/DD/YY,date_ymd,,,,,,,,,,
crf_deathtype,summarycrf,,dropdown,Death-type,"1,CV | 2,Non-CV",,,,,,,,,,,,
crf_deathdetails,summarycrf,,notes,Death (explain),,,,,,,"[crf_deathtype]<>""""",,,,,,
crf_deathdate,summarycrf,,text,Date of Death,,MM/DD/YY,date_ymd,,,,"[crf_deathtype]<>""""",,,,,,
crf_hfhosp,summarycrf,HF Hospitalizations,dropdown,Number of HF Hospitalizations,0|1|2|3|4|5,,,,,,,,,,,,
crf_hfhosp1startdate,summarycrf,HF Hospitalization 1,text,HF Hospitalization Start Date,,MM/DD/YY,date_ymd,,,,"[crf_hfhosp] = ""1"" or [crf_hfhosp] = ""2"" or [crf_hfhosp] = ""3"" or [crf_hfhosp] = ""4"" or [crf_hfhosp] = ""5""",,,,,,
crf_hfhosp1enddate,summarycrf,,text,HF Hospitalization End Date,,MM/DD/YY,date_ymd,,,,"[crf_hfhosp] = ""1"" or [crf_hfhosp] = ""2"" or [crf_hfhosp] = ""3"" or [crf_hfhosp] = ""4"" or [crf_hfhosp] = ""5""",,,,,,
crf_hfhosp1detail,summarycrf,,notes,HF Hospitalization Detail,,,,,,,"[crf_hfhosp] = ""1"" or [crf_hfhosp] = ""2"" or [crf_hfhosp] = ""3"" or [crf_hfhosp] = ""4"" or [crf_hfhosp] = ""5""",,,,,,
crf_hfhosp1los,summarycrf,,calc,HF Hospitalization Length of Stay,"datediff([crf_hfhosp1enddate],[crf_hfhosp1startdate],""d"")",,,,,,"[crf_hfhosp] = ""1"" or [crf_hfhosp] = ""2"" or [crf_hfhosp] = ""3"" or [crf_hfhosp] = ""4"" or [crf_hfhosp] = ""5""",,,,,,
crf_hfhosp2startdate,summarycrf,HF Hospitalization 2,text,HF Hospitalization Start Date,,MM/DD/YY,date_ymd,,,,"[crf_hfhosp] = ""2"" or [crf_hfhosp] = ""3"" or [crf_hfhosp] = ""4"" or [crf_hfhosp] = ""5""",,,,,,
crf_hfhosp2enddate,summarycrf,,text,HF Hospitalization End Date,,MM/DD/YY,date_ymd,,,,"[crf_hfhosp] = ""2"" or [crf_hfhosp] = ""3"" or [crf_hfhosp] = ""4"" or [crf_hfhosp] = ""5""",,,,,,
crf_hfhosp2detail,summarycrf,,notes,HF Hospitalization Detail,,,,,,,"[crf_hfhosp] = ""2"" or [crf_hfhosp] = ""3"" or [crf_hfhosp] = ""4"" or [crf_hfhosp] = ""5""",,,,,,
crf_hfhosp2los,summarycrf,,calc,HF Hospitalization Length of Stay,"datediff([crf_hfhosp2enddate],[crf_hfhosp2startdate],""d"")",,,,,,"[crf_hfhosp] = ""2"" or [crf_hfhosp] = ""3"" or [crf_hfhosp] = ""4"" or [crf_hfhosp] = ""5""",,,,,,
crf_hfhosp3startdate,summarycrf,HF Hospitalization 3,text,HF Hospitalization Start Date,,MM/DD/YY,date_ymd,,,,"[crf_hfhosp] = ""3"" or [crf_hfhosp] = ""4"" or [crf_hfhosp] = ""5""",,,,,,
crf_hfhosp3enddate,summarycrf,,text,HF Hospitalization End Date,,MM/DD/YY,date_ymd,,,,"[crf_hfhosp] = ""3"" or [crf_hfhosp] = ""4"" or [crf_hfhosp] = ""5""",,,,,,
crf_hfhosp3detail,summarycrf,,notes,HF Hospitalization Detail,,,,,,,"[crf_hfhosp] = ""3"" or [crf_hfhosp] = ""4"" or [crf_hfhosp] = ""5""",,,,,,
crf_hfhosp3los,summarycrf,,calc,HF Hospitalization Length of Stay,"datediff([crf_hfhosp3enddate],[crf_hfhosp3startdate],""d"")",,,,,,"[crf_hfhosp] = ""3"" or [crf_hfhosp] = ""4"" or [crf_hfhosp] = ""5""",,,,,,
crf_hfhosp4startdate,summarycrf,HF Hospitalization 4,text,HF Hospitalization Start Date,,MM/DD/YY,date_ymd,,,," [crf_hfhosp] = ""4"" or [crf_hfhosp] = ""5""",,,,,,
crf_hfhosp4enddate,summarycrf,,text,HF Hospitalization End Date,,MM/DD/YY,date_ymd,,,," [crf_hfhosp] = ""4"" or [crf_hfhosp] = ""5""",,,,,,
crf_hfhosp4detail,summarycrf,,notes,HF Hospitalization Detail,,,,,,," [crf_hfhosp] = ""4"" or [crf_hfhosp] = ""5""",,,,,,
crf_hfhosp4los,summarycrf,,calc,HF Hospitalization Length of Stay,"datediff([crf_hfhosp4enddate],[crf_hfhosp4startdate],""d"")",,,,,," [crf_hfhosp] = ""4"" or [crf_hfhosp] = ""5""",,,,,,
crf_hfhosp5startdate,summarycrf,HF Hospitalization 5,text,HF Hospitalization Start Date,,MM/DD/YY,date_ymd,,,,"[crf_hfhosp] = ""5""",,,,,,
crf_hfhosp5enddate,summarycrf,,text,HF Hospitalization End Date,,MM/DD/YY,date_ymd,,,,"[crf_hfhosp] = ""5""",,,,,,
crf_hfhosp5detail,summarycrf,,notes,HF Hospitalization Detail,,,,,,,"[crf_hfhosp] = ""5""",,,,,,
crf_hfhosp5los,summarycrf,,calc,HF Hospitalization Length of Stay,"datediff([crf_hfhosp5enddate],[crf_hfhosp5startdate],""d"")",,,,,,"[crf_hfhosp] = ""5""",,,,,,
crf_cvnonhfhosp,summarycrf,CV Hospitalizations,dropdown,Number of CV (non-HF) hospitalizations,0|1|2|3|4|5,,,,,,,,,,,,
crf_cvhosp1startdate,summarycrf,CV Hospitalization 1,text,CV Hospitalization Start Date,,MM/DD/YY,date_ymd,,,,"[crf_cvnonhfhosp] = ""1"" or [crf_cvnonhfhosp] = ""2"" or [crf_cvnonhfhosp] = ""3"" or [crf_cvnonhfhosp] = ""4"" or [crf_cvnonhfhosp] = ""5""",,,,,,
crf_cvhosp1enddate,summarycrf,,text,CV Hospitalization End Date,,MM/DD/YY,date_ymd,,,,"[crf_cvnonhfhosp] = ""1"" or [crf_cvnonhfhosp] = ""2"" or [crf_cvnonhfhosp] = ""3"" or [crf_cvnonhfhosp] = ""4"" or [crf_cvnonhfhosp] = ""5""",,,,,,
crf_cvhosp1detail,summarycrf,,notes,CV Hospitalization Detail,,,,,,,"[crf_cvnonhfhosp] = ""1"" or [crf_cvnonhfhosp] = ""2"" or [crf_cvnonhfhosp] = ""3"" or [crf_cvnonhfhosp] = ""4"" or [crf_cvnonhfhosp] = ""5""",,,,,,
crf_cvhosp1los,summarycrf,,calc,CV Hospitalization Length of Stay,"datediff([crf_cvhosp1enddate],[crf_cvhosp1startdate],""d"")",,,,,,"[crf_cvnonhfhosp] = ""1"" or [crf_cvnonhfhosp] = ""2"" or [crf_cvnonhfhosp] = ""3"" or [crf_cvnonhfhosp] = ""4"" or [crf_cvnonhfhosp] = ""5""",,,,,,
crf_cvhosp2startdate,summarycrf,CV Hospitalization 2,text,CV Hospitalization Start Date,,MM/DD/YY,date_ymd,,,,"[crf_cvnonhfhosp] = ""2"" or [crf_cvnonhfhosp] = ""3"" or [crf_cvnonhfhosp] = ""4"" or [crf_cvnonhfhosp] = ""5""",,,,,,
crf_cvhosp2enddate,summarycrf,,text,CV Hospitalization End Date,,MM/DD/YY,date_ymd,,,,"[crf_cvnonhfhosp] = ""2"" or [crf_cvnonhfhosp] = ""3"" or [crf_cvnonhfhosp] = ""4"" or [crf_cvnonhfhosp] = ""5""",,,,,,
crf_cvhosp2detail,summarycrf,,notes,CV Hospitalization Detail,,,,,,,"[crf_cvnonhfhosp] = ""2"" or [crf_cvnonhfhosp] = ""3"" or [crf_cvnonhfhosp] = ""4"" or [crf_cvnonhfhosp] = ""5""",,,,,,
crf_cvhosp2los,summarycrf,,calc,CV Hospitalization Length of Stay,"datediff([crf_cvhosp2enddate],[crf_cvhosp2startdate],""d"")",,,,,,"[crf_cvnonhfhosp] = ""2"" or [crf_cvnonhfhosp] = ""3"" or [crf_cvnonhfhosp] = ""4"" or [crf_cvnonhfhosp] = ""5""",,,,,,
crf_cvhosp3startdate,summarycrf,CV Hospitalization 3,text,CV Hospitalization Start Date,,MM/DD/YY,date_ymd,,,,"[crf_cvnonhfhosp] = ""3"" or [crf_cvnonhfhosp] = ""4"" or [crf_cvnonhfhosp] = ""5""",,,,,,
crf_cvhosp3enddate,summarycrf,,text,CV Hospitalization End Date,,MM/DD/YY,date_ymd,,,,"[crf_cvnonhfhosp] = ""3"" or [crf_cvnonhfhosp] = ""4"" or [crf_cvnonhfhosp] = ""5""",,,,,,
crf_cvhosp3detail,summarycrf,,notes,CV Hospitalization Detail,,,,,,,"[crf_cvnonhfhosp] = ""3"" or [crf_cvnonhfhosp] = ""4"" or [crf_cvnonhfhosp] = ""5""",,,,,,
crf_cvhosp3los,summarycrf,,calc,CV Hospitalization Length of Stay,"datediff([crf_cvhosp3enddate],[crf_cvhosp3startdate],""d"")",,,,,,"[crf_cvnonhfhosp] = ""3"" or [crf_cvnonhfhosp] = ""4"" or [crf_cvnonhfhosp] = ""5""",,,,,,
crf_cvhosp4startdate,summarycrf,CV Hospitalization 4,text,CV Hospitalization Start Date,,MM/DD/YY,date_ymd,,,," [crf_cvnonhfhosp] = ""4"" or [crf_cvnonhfhosp] = ""5""",,,,,,
crf_cvhosp4enddate,summarycrf,,text,CV Hospitalization End Date,,MM/DD/YY,date_ymd,,,," [crf_cvnonhfhosp] = ""4"" or [crf_cvnonhfhosp] = ""5""",,,,,,
crf_cvhosp4detail,summarycrf,,notes,CV Hospitalization Detail,,,,,,," [crf_cvnonhfhosp] = ""4"" or [crf_cvnonhfhosp] = ""5""",,,,,,
crf_cvhosp4los,summarycrf,,calc,CV Hospitalization Length of Stay,"datediff([crf_cvhosp4enddate],[crf_cvhosp4startdate],""d"")",,,,,," [crf_cvnonhfhosp] = ""4"" or [crf_cvnonhfhosp] = ""5""",,,,,,
crf_cvhosp5startdate,summarycrf,CV Hospitalization 5,text,CV Hospitalization Start Date,,MM/DD/YY,date_ymd,,,,"[crf_cvnonhfhosp] = ""5""",,,,,,
crf_cvhosp5enddate,summarycrf,,text,CV Hospitalization End Date,,MM/DD/YY,date_ymd,,,,"[crf_cvnonhfhosp] = ""5""",,,,,,
crf_cvhosp5detail,summarycrf,,notes,CV Hospitalization Detail,,,,,,,"[crf_cvnonhfhosp] = ""5""",,,,,,
crf_cvhosp5los,summarycrf,,calc,CV Hospitalization Length of Stay,"datediff([crf_cvhosp5enddate],[crf_cvhosp5startdate],""d"")",,,,,,"[crf_cvnonhfhosp] = ""5""",,,,,,
crf_noncvhosp,summarycrf,Non-CV Hospitalizations,dropdown,Number of non-CV Hospitalizations,0|1|2|3|4|5,,,,,,,,,,,,
crf_noncvhosp1startdate,summarycrf,Non-CV Hospitalization 1,text,Non-CV Hospitalization Start Date,,MM/DD/YY,date_ymd,,,,"[crf_noncvhosp] = ""1"" or [crf_noncvhosp] = ""2"" or [crf_noncvhosp] = ""3"" or [crf_noncvhosp] = ""4"" or [crf_noncvhosp] = ""5""",,,,,,
crf_noncvhosp1enddate,summarycrf,,text,Non-CV Hospitalization End Date,,MM/DD/YY,date_ymd,,,,"[crf_noncvhosp] = ""1"" or [crf_noncvhosp] = ""2"" or [crf_noncvhosp] = ""3"" or [crf_noncvhosp] = ""4"" or [crf_noncvhosp] = ""5""",,,,,,
crf_noncvhosp1detail,summarycrf,,notes,Non-CV Hospitalization Detail,,,,,,,"[crf_noncvhosp] = ""1"" or [crf_noncvhosp] = ""2"" or [crf_noncvhosp] = ""3"" or [crf_noncvhosp] = ""4"" or [crf_noncvhosp] = ""5""",,,,,,
crf_noncvhosp1los,summarycrf,,calc,Non-CV Hospitalization Length of Stay,"datediff([crf_noncvhosp1enddate],[crf_noncvhosp1startdate],""d"")",,,,,,"[crf_noncvhosp] = ""1"" or [crf_noncvhosp] = ""2"" or [crf_noncvhosp] = ""3"" or [crf_noncvhosp] = ""4"" or [crf_noncvhosp] = ""5""",,,,,,
crf_noncvhosp2startdate,summarycrf,Non-CV Hospitalization 2,text,Non-CV Hospitalization Start Date,,MM/DD/YY,date_ymd,,,,"[crf_noncvhosp] = ""2"" or [crf_noncvhosp] = ""3"" or [crf_noncvhosp] = ""4"" or [crf_noncvhosp] = ""5""",,,,,,
crf_noncvhosp2enddate,summarycrf,,text,Non-CV Hospitalization End Date,,MM/DD/YY,date_ymd,,,,"[crf_noncvhosp] = ""2"" or [crf_noncvhosp] = ""3"" or [crf_noncvhosp] = ""4"" or [crf_noncvhosp] = ""5""",,,,,,
crf_noncvhosp2detail,summarycrf,,notes,Non-CV Hospitalization Detail,,,,,,,"[crf_noncvhosp] = ""2"" or [crf_noncvhosp] = ""3"" or [crf_noncvhosp] = ""4"" or [crf_noncvhosp] = ""5""",,,,,,
crf_noncvhosp2los,summarycrf,,calc,Non-CV Hospitalization Length of Stay,"datediff([crf_noncvhosp2enddate],[crf_noncvhosp2startdate],""d"")",,,,,,"[crf_noncvhosp] = ""2"" or [crf_noncvhosp] = ""3"" or [crf_noncvhosp] = ""4"" or [crf_noncvhosp] = ""5""",,,,,,
crf_noncvhosp3startdate,summarycrf,Non-CV Hospitalization 3,text,Non-CV Hospitalization Start Date,,MM/DD/YY,date_ymd,,,,"[crf_noncvhosp] = ""3"" or [crf_noncvhosp] = ""4"" or [crf_noncvhosp] = ""5""",,,,,,
crf_noncvhosp3enddate,summarycrf,,text,Non-CV Hospitalization End Date,,MM/DD/YY,date_ymd,,,,"[crf_noncvhosp] = ""3"" or [crf_noncvhosp] = ""4"" or [crf_noncvhosp] = ""5""",,,,,,
crf_noncvhosp3detail,summarycrf,,notes,Non-CV Hospitalization Detail,,,,,,,"[crf_noncvhosp] = ""3"" or [crf_noncvhosp] = ""4"" or [crf_noncvhosp] = ""5""",,,,,,
crf_noncvhosp3los,summarycrf,,calc,Non-CV Hospitalization Length of Stay,"datediff([crf_noncvhosp3enddate],[crf_noncvhosp3startdate],""d"")",,,,,,"[crf_noncvhosp] = ""3"" or [crf_noncvhosp] = ""4"" or [crf_noncvhosp] = ""5""",,,,,,
crf_noncvhosp4startdate,summarycrf,Non-CV Hospitalization 4,text,Non-CV Hospitalization Start Date,,MM/DD/YY,date_ymd,,,," [crf_noncvhosp] = ""4"" or [crf_noncvhosp] = ""5""",,,,,,
crf_noncvhosp4enddate,summarycrf,,text,Non-CV Hospitalization End Date,,MM/DD/YY,date_ymd,,,," [crf_noncvhosp] = ""4"" or [crf_noncvhosp] = ""5""",,,,,,
crf_noncvhosp4detail,summarycrf,,notes,Non-CV Hospitalization Detail,,,,,,," [crf_noncvhosp] = ""4"" or [crf_noncvhosp] = ""5""",,,,,,
crf_noncvhosp4los,summarycrf,,calc,Non-CV Hospitalization Length of Stay,"datediff([crf_noncvhosp4enddate],[crf_noncvhosp4startdate],""d"")",,,,,," [crf_noncvhosp] = ""4"" or [crf_noncvhosp] = ""5""",,,,,,
crf_noncvhosp5startdate,summarycrf,Non-CV Hospitalization 5,text,Non-CV Hospitalization Start Date,,MM/DD/YY,date_ymd,,,,"[crf_noncvhosp] = ""5""",,,,,,
crf_noncvhosp5enddate,summarycrf,,text,Non-CV Hospitalization End Date,,MM/DD/YY,date_ymd,,,,"[crf_noncvhosp] = ""5""",,,,,,
crf_noncvhosp5detail,summarycrf,,notes,Non-CV Hospitalization Detail,,,,,,,"[crf_noncvhosp] = ""5""",,,,,,
crf_noncvhosp5los,summarycrf,,calc,Non-CV Hospitalization Length of Stay,"datediff([crf_noncvhosp5enddate],[crf_noncvhosp5startdate],""d"")",,,,,,"[crf_noncvhosp] = ""5""",,,,,,
crf_3mobbdose,summarycrf,,text,Dose of beta-blocker study drug (mg/day) at 3 months,,Total mg/day,number,0,,,,,,,,,
crf_12mobbdose,summarycrf,,text,Dose of beta-blocker study drug (mg/day) at 12 months,,Total mg/day,number,0,,,,,,,,,
crf_vtvf,summarycrf,,radio,VT/VF,"0,None | 1,VT |2, VF",,,,,,,,,,,,
crf_vtvfdate,summarycrf,,text,Date of VT/VF event,,MM/DD/YY,date_ymd,,,,"[crf_vtvf]=""1"" or [crf_vtvf]=""2""",,,,,,
crf_af,summarycrf,,radio,Any history of atrial fibrillation,"1,Yes|2,No",,,,,,,,,,,,
crf_afbl,summarycrf,,radio,AF at baseline,"1,Yes|2,No",,,,,,,,,,,,
crf_af3mo,summarycrf,,radio,AF at 3 months,"1,Yes|2,No",,,,,,,,,,,,
crf_af12mo,summarycrf,,radio,AF at 12 months,"1,Yes|2,No",,,,,,,,,,,,
crf_txp,summarycrf,,radio,Cardiac transplantation?,"1,Yes|2,No",,,,,,,,,,,,
crf_txpdate,summarycrf,,text,Transplant date,,MM/DD/YY,date_ymd,,,,"[crf_txp]=""1""",,,,,,
crf_lvad,summarycrf,,radio,Left ventricular assist device placement?,"1,Yes|2,No",,,,,,,,,,,,
crf_lvaddate,summarycrf,,text,LVAD placement date,,MM/DD/YY,date_ymd,,,,"[crf_lvad]=""1""",,,,,,
crf_nyhabl,summarycrf,,dropdown,NYHA class at baseline,1|2|3|4,,,,,,,,,,,,
crf_nyha3mo,summarycrf,,dropdown,NYHA class at 3 months,1|2|3|4,,,,,,,,,,,,
crf_nyha12mo,summarycrf,,dropdown,NYHA class at 12 months,1|2|3|4,,,,,,,,,,,,
crf_nabl,summarycrf,Labs,text,Sodium at baseline,,mmol/L,number,,,,,,,,,,
crf_na3mo,summarycrf,,text,Sodium at 3 months,,mmol/L,number,,,,,,,,,,
crf_na12mo,summarycrf,,text,Sodium at 12 months,,mmol/L,number,,,,,,,,,,
crf_crbl,summarycrf,,text,Creatinine at baseline,,mg/dL,number,,,,,,,,,,
crf_cr3mo,summarycrf,,text,Creatinine at 3 months,,mg/dL,number,,,,,,,,,,
crf_cr12mo,summarycrf,,text,Creatinine at 12 months,,mg/dL,number,,,,,,,,,,
crf_hctbl,summarycrf,,text,Hematocrit at baseline,,%,number,,,,,,,,,,
crf_hct3mo,summarycrf,,text,Hematocrit at 3 months,,%,number,,,,,,,,,,
crf_hct12mo,summarycrf,,text,Hematocrit at 12 months,,%,number,,,,,,,,,,
crf_dm,summarycrf,,radio,History of Diabetes Mellitus?,"1,Yes|2,No",,,,,,,,,,,,
crf_htn,summarycrf,,radio,History of Hypertension?,"1,Yes|2,No",,,,,,,,,,,,
crf_bldrug1,summarycrf,Baseline Medications,text,Drug 1,,,,,,,,,,,,,
crf_bldrug1dailydose,summarycrf,,text,Drug 1 total daily dose,,Total daily dose,number,0,,,"[crf_bldrug1] <> """"",,,,,,
crf_bldrug1doseunits,summarycrf,,dropdown,Drug 1 dosing units,"1,mg|2,mEq|3,g|4,U|5,mcg",,,,,,"[crf_bldrug1] <> """"",,,,,,
crf_bldrug2,summarycrf,,text,Drug 2,,,,,,,"[crf_bldrug1] <> """"",,,,,,
crf_bldrug2dailydose,summarycrf,,text,Drug 2 total daily dose,,Total daily dose,number,0,,,"[crf_bldrug2] <> """"",,,,,,
crf_bldrug2doseunits,summarycrf,,dropdown,Drug 2 dosing units,"1,mg|2,mEq|3,g|4,U|5,mcg",,,,,,"[crf_bldrug2] <> """"",,,,,,
crf_bldrug3,summarycrf,,text,Drug 3,,,,,,,"[crf_bldrug2] <> """"",,,,,,
crf_bldrug3dailydose,summarycrf,,text,Drug 3 total daily dose,,Total daily dose,number,0,,,"[crf_bldrug3] <> """"",,,,,,
crf_bldrug3doseunits,summarycrf,,dropdown,Drug 3 dosing units,"1,mg|2,mEq|3,g|4,U|5,mcg",,,,,,"[crf_bldrug3] <> """"",,,,,,
crf_bldrug4,summarycrf,,text,Drug 4,,,,,,,"[crf_bldrug3] <> """"",,,,,,
crf_bldrug4dailydose,summarycrf,,text,Drug 4 total daily dose,,Total daily dose,number,0,,,"[crf_bldrug4] <> """"",,,,,,
crf_bldrug4doseunits,summarycrf,,dropdown,Drug 4 dosing units,"1,mg|2,mEq|3,g|4,U|5,mcg",,,,,,"[crf_bldrug4] <> """"",,,,,,
crf_bldrug5,summarycrf,,text,Drug 5,,,,,,,"[crf_bldrug4] <> """"",,,,,,
crf_bldrug5dailydose,summarycrf,,text,Drug 5 total daily dose,,Total daily dose,number,0,,,"[crf_bldrug5] <> """"",,,,,,
crf_bldrug5doseunits,summarycrf,,dropdown,Drug 5 dosing units,"1,mg|2,mEq|3,g|4,U|5,mcg",,,,,,"[crf_bldrug5] <> """"",,,,,,
crf_bldrug6,summarycrf,,text,Drug 6,,,,,,,"[crf_bldrug5] <> """"",,,,,,
crf_bldrug6dailydose,summarycrf,,text,Drug 6 total daily dose,,Total daily dose,number,0,,,"[crf_bldrug6] <> """"",,,,,,
crf_bldrug6doseunits,summarycrf,,dropdown,Drug 6 dosing units,"1,mg|2,mEq|3,g|4,U|5,mcg",,,,,,"[crf_bldrug6] <> """"",,,,,,
crf_bldrug7,summarycrf,,text,Drug 7,,,,,,,"[crf_bldrug6] <> """"",,,,,,
crf_bldrug7dailydose,summarycrf,,text,Drug 7 total daily dose,,Total daily dose,number,0,,,"[crf_bldrug7] <> """"",,,,,,
crf_bldrug7doseunits,summarycrf,,dropdown,Drug 7 dosing units,"1,mg|2,mEq|3,g|4,U|5,mcg",,,,,,"[crf_bldrug7] <> """"",,,,,,
crf_bldrug8,summarycrf,,text,Drug 8,,,,,,,"[crf_bldrug7] <> """"",,,,,,
crf_bldrug8dailydose,summarycrf,,text,Drug 8 total daily dose,,Total daily dose,number,0,,,"[crf_bldrug8] <> """"",,,,,,
crf_bldrug8doseunits,summarycrf,,dropdown,Drug 8 dosing units,"1,mg|2,mEq|3,g|4,U|5,mcg",,,,,,"[crf_bldrug8] <> """"",,,,,,
crf_bldrug9,summarycrf,,text,Drug 9,,,,,,,"[crf_bldrug8] <> """"",,,,,,
crf_bldrug9dailydose,summarycrf,,text,Drug 9 total daily dose,,Total daily dose,number,0,,,"[crf_bldrug9] <> """"",,,,,,
crf_bldrug9doseunits,summarycrf,,dropdown,Drug 9 dosing units,"1,mg|2,mEq|3,g|4,U|5,mcg",,,,,,"[crf_bldrug9] <> """"",,,,,,
crf_bldrug10,summarycrf,,text,Drug 10,,,,,,,"[crf_bldrug9] <> """"",,,,,,
crf_bldrug10dailydose,summarycrf,,text,Drug 10 total daily dose,,Total daily dose,number,0,,,"[crf_bldrug10] <> """"",,,,,,
crf_bldrug10doseunits,summarycrf,,dropdown,Drug 10 dosing units,"1,mg|2,mEq|3,g|4,U|5,mcg",,,,,,"[crf_bldrug10] <> """"",,,,,,
crf_bldrug11,summarycrf,,text,Drug 11,,,,,,,"[crf_bldrug10] <> """"",,,,,,
crf_bldrug11dailydose,summarycrf,,text,Drug 11 total daily dose,,Total daily dose,number,0,,,"[crf_bldrug11] <> """"",,,,,,
crf_bldrug11doseunits,summarycrf,,dropdown,Drug 11 dosing units,"1,mg|2,mEq|3,g|4,U|5,mcg",,,,,,"[crf_bldrug11] <> """"",,,,,,
crf_bldrug12,summarycrf,,text,Drug 12,,,,,,,"[crf_bldrug11] <> """"",,,,,,
crf_bldrug12dailydose,summarycrf,,text,Drug 12 total daily dose,,Total daily dose,number,0,,,"[crf_bldrug12] <> """"",,,,,,
crf_bldrug12doseunits,summarycrf,,dropdown,Drug 12 dosing units,"1,mg|2,mEq|3,g|4,U|5,mcg",,,,,,"[crf_bldrug12] <> """"",,,,,,
crf_bldrug13,summarycrf,,text,Drug 13,,,,,,,"[crf_bldrug12] <> """"",,,,,,
crf_bldrug13dailydose,summarycrf,,text,Drug 13 total daily dose,,Total daily dose,number,0,,,"[crf_bldrug13] <> """"",,,,,,
crf_bldrug13doseunits,summarycrf,,dropdown,Drug 13 dosing units,"1,mg|2,mEq|3,g|4,U|5,mcg",,,,,,"[crf_bldrug13] <> """"",,,,,,
crf_bldrug14,summarycrf,,text,Drug 14,,,,,,,"[crf_bldrug13] <> """"",,,,,,
crf_bldrug14dailydose,summarycrf,,text,Drug 14 total daily dose,,Total daily dose,number,0,,,"[crf_bldrug14] <> """"",,,,,,
crf_bldrug14doseunits,summarycrf,,dropdown,Drug 14 dosing units,"1,mg|2,mEq|3,g|4,U|5,mcg",,,,,,"[crf_bldrug14] <> """"",,,,,,
crf_bldrug15,summarycrf,,text,Drug 15,,,,,,,"[crf_bldrug14] <> """"",,,,,,
crf_bldrug15dailydose,summarycrf,,text,Drug 15 total daily dose,,Total daily dose,number,0,,,"[crf_bldrug15] <> """"",,,,,,
crf_bldrug15doseunits,summarycrf,,dropdown,Drug 15 dosing units,"1,mg|2,mEq|3,g|4,U|5,mcg",,,,,,"[crf_bldrug15] <> """"",,,,,,
crf_bldrug16,summarycrf,,text,Drug 16,,,,,,,"[crf_bldrug15] <> """"",,,,,,
crf_bldrug16dailydose,summarycrf,,text,Drug 16 total daily dose,,Total daily dose,number,0,,,"[crf_bldrug16] <> """"",,,,,,
crf_bldrug16doseunits,summarycrf,,dropdown,Drug 16 dosing units,"1,mg|2,mEq|3,g|4,U|5,mcg",,,,,,"[crf_bldrug16] <> """"",,,,,,
crf_bldrug17,summarycrf,,text,Drug 17,,,,,,,"[crf_bldrug16] <> """"",,,,,,
crf_bldrug17dailydose,summarycrf,,text,Drug 17 total daily dose,,Total daily dose,number,0,,,"[crf_bldrug17] <> """"",,,,,,
crf_bldrug17doseunits,summarycrf,,dropdown,Drug 17 dosing units,"1,mg|2,mEq|3,g|4,U|5,mcg",,,,,,"[crf_bldrug17] <> """"",,,,,,
crf_bldrug18,summarycrf,,text,Drug 18,,,,,,,"[crf_bldrug17] <> """"",,,,,,
crf_bldrug18dailydose,summarycrf,,text,Drug 18 total daily dose,,Total daily dose,number,0,,,"[crf_bldrug18] <> """"",,,,,,
crf_bldrug18doseunits,summarycrf,,dropdown,Drug 18 dosing units,"1,mg|2,mEq|3,g|4,U|5,mcg",,,,,,"[crf_bldrug18] <> """"",,,,,,
crf_bldrug19,summarycrf,,text,Drug 19,,,,,,,"[crf_bldrug18] <> """"",,,,,,
crf_bldrug19dailydose,summarycrf,,text,Drug 19 total daily dose,,Total daily dose,number,0,,,"[crf_bldrug19] <> """"",,,,,,
crf_bldrug19doseunits,summarycrf,,dropdown,Drug 19 dosing units,"1,mg|2,mEq|3,g|4,U|5,mcg",,,,,,"[crf_bldrug19] <> """"",,,,,,
crf_bldrug20,summarycrf,,text,Drug 20,,,,,,,"[crf_bldrug19] <> """"",,,,,,
crf_bldrug20dailydose,summarycrf,,text,Drug 20 total daily dose,,Total daily dose,number,0,,,"[crf_bldrug20] <> """"",,,,,,
crf_bldrug20doseunits,summarycrf,,dropdown,Drug 20 dosing units,"1,mg|2,mEq|3,g|4,U|5,mcg",,,,,,"[crf_bldrug20] <> """"",,,,,,
crf_3modrug1,summarycrf,Medications at 3 months,text,Drug 1,,,,,,,,,,,,,
crf_3modrug1dailydose,summarycrf,,text,Drug 1 total daily dose,,Total daily dose,number,0,,,"[crf_3modrug1] <> """"",,,,,,
crf_3modrug1doseunits,summarycrf,,dropdown,Drug 1 dosing units,"1,mg|2,mEq|3,g|4,U|5,mcg",,,,,,"[crf_3modrug1] <> """"",,,,,,
crf_3modrug2,summarycrf,,text,Drug 2,,,,,,,"[crf_3modrug1] <> """"",,,,,,
crf_3modrug2dailydose,summarycrf,,text,Drug 2 total daily dose,,Total daily dose,number,0,,,"[crf_3modrug2] <> """"",,,,,,
crf_3modrug2doseunits,summarycrf,,dropdown,Drug 2 dosing units,"1,mg|2,mEq|3,g|4,U|5,mcg",,,,,,"[crf_3modrug2] <> """"",,,,,,
crf_3modrug3,summarycrf,,text,Drug 3,,,,,,,"[crf_3modrug2] <> """"",,,,,,
crf_3modrug3dailydose,summarycrf,,text,Drug 3 total daily dose,,Total daily dose,number,0,,,"[crf_3modrug3] <> """"",,,,,,
crf_3modrug3doseunits,summarycrf,,dropdown,Drug 3 dosing units,"1,mg|2,mEq|3,g|4,U|5,mcg",,,,,,"[crf_3modrug3] <> """"",,,,,,
crf_3modrug4,summarycrf,,text,Drug 4,,,,,,,"[crf_3modrug3] <> """"",,,,,,
crf_3modrug4dailydose,summarycrf,,text,Drug 4 total daily dose,,Total daily dose,number,0,,,"[crf_3modrug4] <> """"",,,,,,
crf_3modrug4doseunits,summarycrf,,dropdown,Drug 4 dosing units,"1,mg|2,mEq|3,g|4,U|5,mcg",,,,,,"[crf_3modrug4] <> """"",,,,,,
crf_3modrug5,summarycrf,,text,Drug 5,,,,,,,"[crf_3modrug4] <> """"",,,,,,
crf_3modrug5dailydose,summarycrf,,text,Drug 5 total daily dose,,Total daily dose,number,0,,,"[crf_3modrug5] <> """"",,,,,,
crf_3modrug5doseunits,summarycrf,,dropdown,Drug 5 dosing units,"1,mg|2,mEq|3,g|4,U|5,mcg",,,,,,"[crf_3modrug5] <> """"",,,,,,
crf_3modrug6,summarycrf,,text,Drug 6,,,,,,,"[crf_3modrug5] <> """"",,,,,,
crf_3modrug6dailydose,summarycrf,,text,Drug 6 total daily dose,,Total daily dose,number,0,,,"[crf_3modrug6] <> """"",,,,,,
crf_3modrug6doseunits,summarycrf,,dropdown,Drug 6 dosing units,"1,mg|2,mEq|3,g|4,U|5,mcg",,,,,,"[crf_3modrug6] <> """"",,,,,,
crf_3modrug7,summarycrf,,text,Drug 7,,,,,,,"[crf_3modrug6] <> """"",,,,,,
crf_3modrug7dailydose,summarycrf,,text,Drug 7 total daily dose,,Total daily dose,number,0,,,"[crf_3modrug7] <> """"",,,,,,
crf_3modrug7doseunits,summarycrf,,dropdown,Drug 7 dosing units,"1,mg|2,mEq|3,g|4,U|5,mcg",,,,,,"[crf_3modrug7] <> """"",,,,,,
crf_3modrug8,summarycrf,,text,Drug 8,,,,,,,"[crf_3modrug7] <> """"",,,,,,
crf_3modrug8dailydose,summarycrf,,text,Drug 8 total daily dose,,Total daily dose,number,0,,,"[crf_3modrug8] <> """"",,,,,,
crf_3modrug8doseunits,summarycrf,,dropdown,Drug 8 dosing units,"1,mg|2,mEq|3,g|4,U|5,mcg",,,,,,"[crf_3modrug8] <> """"",,,,,,
crf_3modrug9,summarycrf,,text,Drug 9,,,,,,,"[crf_3modrug8] <> """"",,,,,,
crf_3modrug9dailydose,summarycrf,,text,Drug 9 total daily dose,,Total daily dose,number,0,,,"[crf_3modrug9] <> """"",,,,,,
crf_3modrug9doseunits,summarycrf,,dropdown,Drug 9 dosing units,"1,mg|2,mEq|3,g|4,U|5,mcg",,,,,,"[crf_3modrug9] <> """"",,,,,,
crf_3modrug10,summarycrf,,text,Drug 10,,,,,,,"[crf_3modrug9] <> """"",,,,,,
crf_3modrug10dailydose,summarycrf,,text,Drug 10 total daily dose,,Total daily dose,number,0,,,"[crf_3modrug10] <> """"",,,,,,
crf_3modrug10doseunits,summarycrf,,dropdown,Drug 10 dosing units,"1,mg|2,mEq|3,g|4,U|5,mcg",,,,,,"[crf_3modrug10] <> """"",,,,,,
crf_3modrug11,summarycrf,,text,Drug 11,,,,,,,"[crf_3modrug10] <> """"",,,,,,
crf_3modrug11dailydose,summarycrf,,text,Drug 11 total daily dose,,Total daily dose,number,0,,,"[crf_3modrug11] <> """"",,,,,,
crf_3modrug11doseunits,summarycrf,,dropdown,Drug 11 dosing units,"1,mg|2,mEq|3,g|4,U|5,mcg",,,,,,"[crf_3modrug11] <> """"",,,,,,
crf_3modrug12,summarycrf,,text,Drug 12,,,,,,,"[crf_3modrug11] <> """"",,,,,,
crf_3modrug12dailydose,summarycrf,,text,Drug 12 total daily dose,,Total daily dose,number,0,,,"[crf_3modrug12] <> """"",,,,,,
crf_3modrug12doseunits,summarycrf,,dropdown,Drug 12 dosing units,"1,mg|2,mEq|3,g|4,U|5,mcg",,,,,,"[crf_3modrug12] <> """"",,,,,,
crf_3modrug13,summarycrf,,text,Drug 13,,,,,,,"[crf_3modrug12] <> """"",,,,,,
crf_3modrug13dailydose,summarycrf,,text,Drug 13 total daily dose,,Total daily dose,number,0,,,"[crf_3modrug13] <> """"",,,,,,
crf_3modrug13doseunits,summarycrf,,dropdown,Drug 13 dosing units,"1,mg|2,mEq|3,g|4,U|5,mcg",,,,,,"[crf_3modrug13] <> """"",,,,,,
crf_3modrug14,summarycrf,,text,Drug 14,,,,,,,"[crf_3modrug13] <> """"",,,,,,
crf_3modrug14dailydose,summarycrf,,text,Drug 14 total daily dose,,Total daily dose,number,0,,,"[crf_3modrug14] <> """"",,,,,,
crf_3modrug14doseunits,summarycrf,,dropdown,Drug 14 dosing units,"1,mg|2,mEq|3,g|4,U|5,mcg",,,,,,"[crf_3modrug14] <> """"",,,,,,
crf_3modrug15,summarycrf,,text,Drug 15,,,,,,,"[crf_3modrug14] <> """"",,,,,,
crf_3modrug15dailydose,summarycrf,,text,Drug 15 total daily dose,,Total daily dose,number,0,,,"[crf_3modrug15] <> """"",,,,,,
crf_3modrug15doseunits,summarycrf,,dropdown,Drug 15 dosing units,"1,mg|2,mEq|3,g|4,U|5,mcg",,,,,,"[crf_3modrug15] <> """"",,,,,,
crf_3modrug16,summarycrf,,text,Drug 16,,,,,,,"[crf_3modrug15] <> """"",,,,,,
crf_3modrug16dailydose,summarycrf,,text,Drug 16 total daily dose,,Total daily dose,number,0,,,"[crf_3modrug16] <> """"",,,,,,
crf_3modrug16doseunits,summarycrf,,dropdown,Drug 16 dosing units,"1,mg|2,mEq|3,g|4,U|5,mcg",,,,,,"[crf_3modrug16] <> """"",,,,,,
crf_3modrug17,summarycrf,,text,Drug 17,,,,,,,"[crf_3modrug16] <> """"",,,,,,
crf_3modrug17dailydose,summarycrf,,text,Drug 17 total daily dose,,Total daily dose,number,0,,,"[crf_3modrug17] <> """"",,,,,,
crf_3modrug17doseunits,summarycrf,,dropdown,Drug 17 dosing units,"1,mg|2,mEq|3,g|4,U|5,mcg",,,,,,"[crf_3modrug17] <> """"",,,,,,
crf_3modrug18,summarycrf,,text,Drug 18,,,,,,,"[crf_3modrug17] <> """"",,,,,,
crf_3modrug18dailydose,summarycrf,,text,Drug 18 total daily dose,,Total daily dose,number,0,,,"[crf_3modrug18] <> """"",,,,,,
crf_3modrug18doseunits,summarycrf,,dropdown,Drug 18 dosing units,"1,mg|2,mEq|3,g|4,U|5,mcg",,,,,,"[crf_3modrug18] <> """"",,,,,,
crf_3modrug19,summarycrf,,text,Drug 19,,,,,,,"[crf_3modrug18] <> """"",,,,,,
crf_3modrug19dailydose,summarycrf,,text,Drug 19 total daily dose,,Total daily dose,number,0,,,"[crf_3modrug19] <> """"",,,,,,
crf_3modrug19doseunits,summarycrf,,dropdown,Drug 19 dosing units,"1,mg|2,mEq|3,g|4,U|5,mcg",,,,,,"[crf_3modrug19] <> """"",,,,,,
crf_3modrug20,summarycrf,,text,Drug 20,,,,,,,"[crf_3modrug19] <> """"",,,,,,
crf_3modrug20dailydose,summarycrf,,text,Drug 20 total daily dose,,Total daily dose,number,0,,,"[crf_3modrug20] <> """"",,,,,,
crf_3modrug20doseunits,summarycrf,,dropdown,Drug 20 dosing units,"1,mg|2,mEq|3,g|4,U|5,mcg",,,,,,"[crf_3modrug20] <> """"",,,,,,
crf_12modrug1,summarycrf,Medications at 12 months,text,Drug 1,,,,,,,,,,,,,
crf_12modrug1dailydose,summarycrf,,text,Drug 1 total daily dose,,Total daily dose,number,0,,,"[crf_12modrug1] <> """"",,,,,,
crf_12modrug1doseunits,summarycrf,,dropdown,Drug 1 dosing units,"1,mg|2,mEq|3,g|4,U|5,mcg",,,,,,"[crf_12modrug1] <> """"",,,,,,
crf_12modrug2,summarycrf,,text,Drug 2,,,,,,,"[crf_12modrug1] <> """"",,,,,,
crf_12modrug2dailydose,summarycrf,,text,Drug 2 total daily dose,,Total daily dose,number,0,,,"[crf_12modrug2] <> """"",,,,,,
crf_12modrug2doseunits,summarycrf,,dropdown,Drug 2 dosing units,"1,mg|2,mEq|3,g|4,U|5,mcg",,,,,,"[crf_12modrug2] <> """"",,,,,,
crf_12modrug3,summarycrf,,text,Drug 3,,,,,,,"[crf_12modrug2] <> """"",,,,,,
crf_12modrug3dailydose,summarycrf,,text,Drug 3 total daily dose,,Total daily dose,number,0,,,"[crf_12modrug3] <> """"",,,,,,
crf_12modrug3doseunits,summarycrf,,dropdown,Drug 3 dosing units,"1,mg|2,mEq|3,g|4,U|5,mcg",,,,,,"[crf_12modrug3] <> """"",,,,,,
crf_12modrug4,summarycrf,,text,Drug 4,,,,,,,"[crf_12modrug3] <> """"",,,,,,
crf_12modrug4dailydose,summarycrf,,text,Drug 4 total daily dose,,Total daily dose,number,0,,,"[crf_12modrug4] <> """"",,,,,,
crf_12modrug4doseunits,summarycrf,,dropdown,Drug 4 dosing units,"1,mg|2,mEq|3,g|4,U|5,mcg",,,,,,"[crf_12modrug4] <> """"",,,,,,
crf_12modrug5,summarycrf,,text,Drug 5,,,,,,,"[crf_12modrug4] <> """"",,,,,,
crf_12modrug5dailydose,summarycrf,,text,Drug 5 total daily dose,,Total daily dose,number,0,,,"[crf_12modrug5] <> """"",,,,,,
crf_12modrug5doseunits,summarycrf,,dropdown,Drug 5 dosing units,"1,mg|2,mEq|3,g|4,U|5,mcg",,,,,,"[crf_12modrug5] <> """"",,,,,,
crf_12modrug6,summarycrf,,text,Drug 6,,,,,,,"[crf_12modrug5] <> """"",,,,,,
crf_12modrug6dailydose,summarycrf,,text,Drug 6 total daily dose,,Total daily dose,number,0,,,"[crf_12modrug6] <> """"",,,,,,
crf_12modrug6doseunits,summarycrf,,dropdown,Drug 6 dosing units,"1,mg|2,mEq|3,g|4,U|5,mcg",,,,,,"[crf_12modrug6] <> """"",,,,,,
crf_12modrug7,summarycrf,,text,Drug 7,,,,,,,"[crf_12modrug6] <> """"",,,,,,
crf_12modrug7dailydose,summarycrf,,text,Drug 7 total daily dose,,Total daily dose,number,0,,,"[crf_12modrug7] <> """"",,,,,,
crf_12modrug7doseunits,summarycrf,,dropdown,Drug 7 dosing units,"1,mg|2,mEq|3,g|4,U|5,mcg",,,,,,"[crf_12modrug7] <> """"",,,,,,
crf_12modrug8,summarycrf,,text,Drug 8,,,,,,,"[crf_12modrug7] <> """"",,,,,,
crf_12modrug8dailydose,summarycrf,,text,Drug 8 total daily dose,,Total daily dose,number,0,,,"[crf_12modrug8] <> """"",,,,,,
crf_12modrug8doseunits,summarycrf,,dropdown,Drug 8 dosing units,"1,mg|2,mEq|3,g|4,U|5,mcg",,,,,,"[crf_12modrug8] <> """"",,,,,,
crf_12modrug9,summarycrf,,text,Drug 9,,,,,,,"[crf_12modrug8] <> """"",,,,,,
crf_12modrug9dailydose,summarycrf,,text,Drug 9 total daily dose,,Total daily dose,number,0,,,"[crf_12modrug9] <> """"",,,,,,
crf_12modrug9doseunits,summarycrf,,dropdown,Drug 9 dosing units,"1,mg|2,mEq|3,g|4,U|5,mcg",,,,,,"[crf_12modrug9] <> """"",,,,,,
crf_12modrug10,summarycrf,,text,Drug 10,,,,,,,"[crf_12modrug9] <> """"",,,,,,
crf_12modrug10dailydose,summarycrf,,text,Drug 10 total daily dose,,Total daily dose,number,0,,,"[crf_12modrug10] <> """"",,,,,,
crf_12modrug10doseunits,summarycrf,,dropdown,Drug 10 dosing units,"1,mg|2,mEq|3,g|4,U|5,mcg",,,,,,"[crf_12modrug10] <> """"",,,,,,
crf_12modrug11,summarycrf,,text,Drug 11,,,,,,,"[crf_12modrug10] <> """"",,,,,,
crf_12modrug11dailydose,summarycrf,,text,Drug 11 total daily dose,,Total daily dose,number,0,,,"[crf_12modrug11] <> """"",,,,,,
crf_12modrug11doseunits,summarycrf,,dropdown,Drug 11 dosing units,"1,mg|2,mEq|3,g|4,U|5,mcg",,,,,,"[crf_12modrug11] <> """"",,,,,,
crf_12modrug12,summarycrf,,text,Drug 12,,,,,,,"[crf_12modrug11] <> """"",,,,,,
crf_12modrug12dailydose,summarycrf,,text,Drug 12 total daily dose,,Total daily dose,number,0,,,"[crf_12modrug12] <> """"",,,,,,
crf_12modrug12doseunits,summarycrf,,dropdown,Drug 12 dosing units,"1,mg|2,mEq|3,g|4,U|5,mcg",,,,,,"[crf_12modrug12] <> """"",,,,,,
crf_12modrug13,summarycrf,,text,Drug 13,,,,,,,"[crf_12modrug12] <> """"",,,,,,
crf_12modrug13dailydose,summarycrf,,text,Drug 13 total daily dose,,Total daily dose,number,0,,,"[crf_12modrug13] <> """"",,,,,,
crf_12modrug13doseunits,summarycrf,,dropdown,Drug 13 dosing units,"1,mg|2,mEq|3,g|4,U|5,mcg",,,,,,"[crf_12modrug13] <> """"",,,,,,
crf_12modrug14,summarycrf,,text,Drug 14,,,,,,,"[crf_12modrug13] <> """"",,,,,,
crf_12modrug14dailydose,summarycrf,,text,Drug 14 total daily dose,,Total daily dose,number,0,,,"[crf_12modrug14] <> """"",,,,,,
crf_12modrug14doseunits,summarycrf,,dropdown,Drug 14 dosing units,"1,mg|2,mEq|3,g|4,U|5,mcg",,,,,,"[crf_12modrug14] <> """"",,,,,,
crf_12modrug15,summarycrf,,text,Drug 15,,,,,,,"[crf_12modrug14] <> """"",,,,,,
crf_12modrug15dailydose,summarycrf,,text,Drug 15 total daily dose,,Total daily dose,number,0,,,"[crf_12modrug15] <> """"",,,,,,
crf_12modrug15doseunits,summarycrf,,dropdown,Drug 15 dosing units,"1,mg|2,mEq|3,g|4,U|5,mcg",,,,,,"[crf_12modrug15] <> """"",,,,,,
crf_12modrug16,summarycrf,,text,Drug 16,,,,,,,"[crf_12modrug15] <> """"",,,,,,
crf_12modrug16dailydose,summarycrf,,text,Drug 16 total daily dose,,Total daily dose,number,0,,,"[crf_12modrug16] <> """"",,,,,,
crf_12modrug16doseunits,summarycrf,,dropdown,Drug 16 dosing units,"1,mg|2,mEq|3,g|4,U|5,mcg",,,,,,"[crf_12modrug16] <> """"",,,,,,
crf_12modrug17,summarycrf,,text,Drug 17,,,,,,,"[crf_12modrug16] <> """"",,,,,,
crf_12modrug17dailydose,summarycrf,,text,Drug 17 total daily dose,,Total daily dose,number,0,,,"[crf_12modrug17] <> """"",,,,,,
crf_12modrug17doseunits,summarycrf,,dropdown,Drug 17 dosing units,"1,mg|2,mEq|3,g|4,U|5,mcg",,,,,,"[crf_12modrug17] <> """"",,,,,,
crf_12modrug18,summarycrf,,text,Drug 18,,,,,,,"[crf_12modrug17] <> """"",,,,,,
crf_12modrug18dailydose,summarycrf,,text,Drug 18 total daily dose,,Total daily dose,number,0,,,"[crf_12modrug18] <> """"",,,,,,
crf_12modrug18doseunits,summarycrf,,dropdown,Drug 18 dosing units,"1,mg|2,mEq|3,g|4,U|5,mcg",,,,,,"[crf_12modrug18] <> """"",,,,,,
crf_12modrug19,summarycrf,,text,Drug 19,,,,,,,"[crf_12modrug18] <> """"",,,,,,
crf_12modrug19dailydose,summarycrf,,text,Drug 19 total daily dose,,Total daily dose,number,0,,,"[crf_12modrug19] <> """"",,,,,,
crf_12modrug19doseunits,summarycrf,,dropdown,Drug 19 dosing units,"1,mg|2,mEq|3,g|4,U|5,mcg",,,,,,"[crf_12modrug19] <> """"",,,,,,
crf_12modrug20,summarycrf,,text,Drug 20,,,,,,,"[crf_12modrug19] <> """"",,,,,,
crf_12modrug20dailydose,summarycrf,,text,Drug 20 total daily dose,,Total daily dose,number,0,,,"[crf_12modrug20] <> """"",,,,,,
crf_12modrug20doseunits,summarycrf,,dropdown,Drug 20 dosing units,"1,mg|2,mEq|3,g|4,U|5,mcg",,,,,,"[crf_12modrug20] <> """"",,,,,,
cva_done,cvassess,,radio,CV Assessment completed?,"1,Yes|2,No",,,,,,,,,,,,
cva_date,cvassess,,text,Date Completed,,MM/DD/YY,date_ymd,,,,,,,,,,
cva_s3,cvassess,Cardiovascular Assessment,radio,S3 Gallop,"1,Yes|2,No",,,,,,,,,,,,
cva_s4,cvassess,,radio,S4 Gallop,"1,Yes|2,No",,,,,,,,,,,,
cva_sysmur,cvassess,,radio,Systolic Murmur,"1,Yes|2,No",,,,,,,,,,,,
cva_diasmur,cvassess,,radio,Diastolic Murmur,"1,Yes|2,No",,,,,,,,,,,,
cva_jvd30,cvassess,,radio,JVD at 30 degrees,"1,Not present|2,base of neck|3,halfway up|4,angle of mandible",,,,,,,,,,,,
cva_edema,cvassess,,radio,Edema,"1,None|2,1+|3,2+|4,3+|5,4+",,,,,,,,,,,,
cva_wt,cvassess,,text,Body Weight (kg),,kg,number,0,,,,,,,,,
cva_hepatomeg,cvassess,,radio,Hepatomegaly,"1,Yes|2,No",,,,,,,,,,,,
cva_whz,cvassess,,radio,Wheezes,"1,Yes|2,No",,,,,,,,,,,,
cva_rales,cvassess,,radio,Rales,"1,None|2,bases only|3,halfway up|4,entire lung field",,,,,,,,,,,,
cva_hrsit,cvassess,,text,Sitting Heart Rate,,,number,0,,,,,,,,,
cva_sbpsit,cvassess,,text,Sitting Systolic Blood Pressure,,,number,0,,,,,,,,,
cva_dbpsit,cvassess,,text,Sitting Diastolic Blood Pressure,,,number,0,,,,,,,,,
cva_nyha,cvassess,,radio,NYHA Class,"1,I|2,II|3,III|4,IV",,,,,,,,,,,,
inc_idcm,screening,Inclusion criteria,radio,"Patient has idiopathic dilated CM with symptoms of Class II, III, or IV CHF at time of randomization and is free of a clinical history of CAD according to the criteria specified in the Protocol","1,Yes|2,No",,,,,,,,,,,,
inc_18yrs,screening,,radio,Patient is at least 18 years of age,"1,Yes|2,No",,,,,,,,,,,,
inc_sterilebc,screening,,radio,"If female, patient is (a) surgically sterile, (b) practices an accepted method of birth control and has a negative serum pregnancy test","1,Yes|2,No|3,NA",,,,,,,,,,,,
inc_cotx,screening,,radio,Patient has been on other conventional CHF therapy at least 3-weeks prior to baseline assessments at key study endpoints?,"1,Yes|2,No",,,,,,,,,,,,
inc_acei,screening,,radio,Angiotensin converting enzyme inhibitor?,"1,Yes|2,No",,,,,,"[inc_cotx] = ""1""",,,,,,
inc_aceintolerant,screening,,radio,Intolerant of ACE-inhibitor?,"1,Yes|2,No",,,,,,"[inc_cotx] = ""1"" and [inc_acei] = ""2""",,,,,,
inc_dig,screening,,radio,Digitalis glycosides?,"1,Yes|2,No",,,,,,"[inc_cotx] = ""1""",,,,,,
inc_diuretic,screening,,radio,Diuretics?,"1,Yes|2,No",,,,,,"[inc_cotx] = ""1""",,,,,,
inc_vasodilator,screening,,radio,Vasodilators?,"1,Yes|2,No",,,,,,"[inc_cotx] = ""1""",,,,,,
inc_lvef,screening,,radio,Patient has a LVEF of < 0.40 as determined by radionuclide ventriculography within 60 days of randomization,"1,Yes|2,No",,,,,,,,,,,,
inc_psychok,screening,,radio,"Patient must demonstrate the mental and physical ability and willingness to follow all study-specific instructions pertaining to the administration of study medication, the scheduling of study visits and assessments and the prohibited use/consumption of certain concomitant medications and alcohol","1,Yes|2,No",,,,,,,,,,,,
inc_infcon,screening,,radio,Patient must voluntarily sign the IRB-approved informed consent form before initiation of any study-specific procedure,"1,Yes|2,No",,,,,,,,,,,,
exc_revcm,screening,Exclusion criteria,radio,"Patient has heart failure due to or associated with uncorrected primary valvular disease, uncorrected thyroid disease, obstructive/hypertrophic cardiomyopathy, pericardial disease, amyloidosis, active myocarditis, or malfunctioning artificial heart valve?","1,Yes|2,No",,,,,,,,,,,,
exc_txpcand,screening,,radio,Patient is a heart transplant candidate (actively on a list or anticipated to be on a list within 6 months of randomization),"1,Yes|2,No",,,,,,,,,,,,
exc_anyexcmed,screening,,radio,Patient is receving any of the following concomitant medications and can not have medication safely discontinued prior to study randomization as specified in the protocol?,"1,Yes|2,No",,,,,,,,,,,,
exc_cathetcamao,screening,,radio,"Calcium channel blockers, theophylline, TCA, MAOI, beta agonists?","1,Yes|2,No",,,,,,,,,,,,
exc_bb,screening,,radio,Beta-adrenergic blocking agent (oral?),"1,Yes|2,No",,,,,,,,,,,,
exc_invmed,screening,,radio,An investigational cardiovascular medication or involved in another investigational trial?,"1,Yes|2,No",,,,,,,,,,,,
exc_antiarryth,screening,,radio,"Flecainide, encainide, propafenone, sotalol, disopyramide, amiodarone?","1,Yes|2,No",,,,,,,,,,,,
exc_inotrope,screening,,radio,Inotrope (other than digitalis) oral or IV?,"1,Yes|2,No",,,,,,,,,,,,
exc_bbcontra,screening,,radio,Patient has a contraindication to beta-adrenergic blockade (eg asthma),"1,Yes|2,No",,,,,,,,,,,,
exc_lifeexp2yrs,screening,,radio,Patient has other life-threatening disease with a life expectancy < 2 years due to other illness,"1,Yes|2,No",,,,,,,,,,,,
exc_otheractivedz,screening,,radio,"Patient has active hepatic (total bilirubin > 3.0), renal (creatnine > 3.0), hematologic, gastrointestinal, immunologic, endocrine, metabolic, or CNS disease which, in the opinion of the investigator, may adversely affect the safety and efficacy of the study drug or the life span of the patient","1,Yes|2,No",,,,,,,,,,,,
exc_unstablehf,screening,,radio,"Patient has unstable decompensated HF (ie evidence of hypoperfusion, acute pulmonary edema, or hypotension with systolic BP < 80 mm Hg)","1,Yes|2,No",,,,,,,,,,,,
exc_activeetohdrug,screening,,radio,Patient is actively abusing ethanol (as defined in the Protocol) or illicit drugs (or has within 3-months of study randomization) as defined in the Protocol,"1,Yes|2,No",,,,,,,,,,,,
exc_aicdfire,screening,,radio,Patient has an AICD that has fired within 3 months of study randomization,"1,Yes|2,No",,,,,,,,,,,,
exc_brady,screening,,radio,"Patient has asymptomatic waking, resting HR < 50 bpm or symptomatic bradycardia with a HR of < 60 bpm","1,Yes|2,No",,,,,,,,,,,,
exc_iddm,screening,,radio,Patient has uncontrolled insulin-dependent diabetes mellitus with a history of frequent hypoglycemia episodes,"1,Yes|2,No",,,,,,,,,,,,
exc_avblock,screening,,radio,Patient has a high degree AV block (Mobitz Type II or complete heart block),"1,Yes|2,No",,,,,,,,,,,,
exc_nomri,screening,,radio,Patient is unable to undergo the MRI procedures required in this study,"1,Yes|2,No",,,,,,,,,,,,
exc_compliance,screening,,radio,Patient has demonstrated non-compliance with previous medical regimens,"1,Yes|2,No",,,,,,,,,,,,
mhx_infcon,medicalhx,Informed consent question,radio,Has the patient signed the informed consent form?,"1,Yes|2,No",,,,,,,,,,,,
mhx_infcondate,medicalhx,,text,Date Signed,,MM/DD/YY,date_ymd,,,,"[mhx_infcon] = ""1""",,,,,,
mhx_dob,medicalhx,Demography,text,Date of Birth,,MM/DD/YY,date_ymd,,,,,,,,,,
mhx_enrollage,medicalhx,,calc,Age at enrollment,"datediff([mhx_infcondate],[mhx_dob],""y"")",,,,,,,,,,,,
mhx_gender,medicalhx,,radio,Gender,"0, Female | 1, Male",,,,,,,,,,,,
mhx_race,medicalhx,,radio,Race,"1, White | 2, African-American | 3, Hispanic | 4, Asian | 5, American Indian/Alaskan | 6, Other",,,,,,,,,,,,
mhx_otherracedetail,medicalhx,,text,Other Race (specify),,,,,,,,,,,,,
mhx_smoking,medicalhx,,radio,"Smoking Status (cigarette, cigar, or pipe use)","1, non-smoker|2,past smoker|3, current smoker",,,,,,,,,,,,
mhx_derm,medicalhx,Medical History,radio,Dermatologic,"1,Yes|2,No|3,Unknown",,,,,,,,,,,,
mhx_dermdetail,medicalhx,,notes,Dermatologic disease detail,,,,,,,"[mhx_derm]=""1""",,,,,,
mhx_heent,medicalhx,,radio,HEENT,"1,Yes|2,No|3,Unknown",,,,,,,,,,,,
mhx_heentdetail,medicalhx,,notes,HEENT detail,,,,,,,"[mhx_heent]=""1""",,,,,,
mhx_msk,medicalhx,,radio,Musculoskeletal,"1,Yes|2,No|3,Unknown",,,,,,,,,,,,
mhx_mskdetail,medicalhx,,notes,Musculoskeletal detail,,,,,,,"[mhx_msk]=""1""",,,,,,
mhx_resp,medicalhx,,radio,Respiratory,"1,Yes|2,No|3,Unknown",,,,,,,,,,,,
mhx_respdetail,medicalhx,,notes,Respiratory detail,,,,,,,"[mhx_resp]=""1""",,,,,,
mhx_gi,medicalhx,,radio,Gastrointestinal,"1,Yes|2,No|3,Unknown",,,,,,,,,,,,
mhx_gidetail,medicalhx,,notes,Gastrointestinal detail,,,,,,,"[mhx_gi]=""1""",,,,,,
mhx_hepbil,medicalhx,,radio,Hepatobiliary,"1,Yes|2,No|3,Unknown",,,,,,,,,,,,
mhx_hepbildetail,medicalhx,,notes,Hepatobiliary detail,,,,,,,"[mhx_hepbil]=""1""",,,,,,
mhx_gu,medicalhx,,radio,Genitourinary,"1,Yes|2,No|3,Unknown",,,,,,,,,,,,
mhx_gudetail,medicalhx,,notes,Genitourinary detail,,,,,,,"[mhx_gu]=""1""",,,,,,
mhx_endo,medicalhx,,radio,Endocrine (other than diabetes),"1,Yes|2,No|3,Unknown",,,,,,,,,,,,
mhx_endodetail,medicalhx,,notes,Endocrine (other than diabetes) detail,,,,,,,"[mhx_endo]=""1""",,,,,,
mhx_dm,medicalhx,,radio,Diabetes Mellitus,"1,Yes|2,No|3,Unknown",,,,,,,,,,,,
mhx_dmdetail,medicalhx,,notes,Diabetes Mellitus detail,,,,,,,"[mhx_dm]=""1""",,,,,,
mhx_lymphatic,medicalhx,,radio,Lymphatic,"1,Yes|2,No|3,Unknown",,,,,,,,,,,,
mhx_lymphdetail,medicalhx,,notes,Lymphatic detail,,,,,,,"[mhx_lymphatic]=""1""",,,,,,
mhx_immun,medicalhx,,radio,Immunologic,"1,Yes|2,No|3,Unknown",,,,,,,,,,,,
mhx_immundetail,medicalhx,,notes,Immunologic detail,,,,,,,"[mhx_immun]=""1""",,,,,,
mhx_neuro,medicalhx,,radio,Neurologic,"1,Yes|2,No|3,Unknown",,,,,,,,,,,,
mhx_neurodetail,medicalhx,,notes,Neurologic detail,,,,,,,"[mhx_neuro]=""1""",,,,,,
mhx_psych,medicalhx,,radio,Psychiatric,"1,Yes|2,No|3,Unknown",,,,,,,,,,,,
mhx_psychdetail,medicalhx,,notes,Psychiatric detail,,,,,,,"[mhx_psych]=""1""",,,,,,
mhx_allergy,medicalhx,,radio,Allergies,"1,Yes|2,No|3,Unknown",,,,,,,,,,,,
mhx_allergydetail,medicalhx,,notes,Allergies detail,,,,,,,"[mhx_allergy]=""1""",,,,,,
mhx_other1,medicalhx,,radio,Other 1,"1,Yes|2,No|3,Unknown",,,,,,,,,,,,
mhx_other1detail,medicalhx,,notes,Other 1 detail,,,,,,,"[mhx_other1]=""1""",,,,,,
mhx_other2,medicalhx,,radio,Other 2,"1,Yes|2,No|3,Unknown",,,,,,,,,,,,
mhx_other2detail,medicalhx,,notes,Other 2 detail,,,,,,,"[mhx_other2]=""1""",,,,,,
mhx_other3,medicalhx,,radio,Other 3,"1,Yes|2,No|3,Unknown",,,,,,,,,,,,
mhx_other3detail,medicalhx,,notes,Other 3 detail,,,,,,,"[mhx_other3]=""1""",,,,,,
cvhx_nyha,cvhx,Cardiovascular History,radio,NYHA Class,"2,II|3,III|4,IV",,,,,,,,,,,,
cvhx_durchf,cvhx,,text,Duration of CHF (months),,,number,0,,,,,,,,,
cvhx_af,cvhx,,radio,Atrial fibrillation/flutter,"1,Yes|2,No|3,Unknown",,,,,,,,,,,,
cvhx_afdetail,cvhx,,notes,Specify findings,,,,,,,"[cvhx_af]=""1""",,,,,,
cvhx_afdate,cvhx,,text,Date of diagnosis,,MM/DD/YY,date_ymd,,,,"[cvhx_af]=""1""",,,,,,
cvhx_scd,cvhx,,radio,Ventricular Fibrillation/Sustained VT/Cardiac Arrest,"1,Yes|2,No|3,Unknown",,,,,,,,,,,,
cvhx_scddetail,cvhx,,notes,Specify findings,,,,,,,"[cvhx_scd]=""1""",,,,,,
cvhx_scddate,cvhx,,text,Date of diagnosis,,MM/DD/YY,date_ymd,,,,"[cvhx_scd]=""1""",,,,,,
cvhx_pvd,cvhx,,radio,Peripheral Vascular Disease,"1,Yes|2,No|3,Unknown",,,,,,,,,,,,
cvhx_pvddetail,cvhx,,notes,Specify findings,,,,,,,"[cvhx_pvd]=""1""",,,,,,
cvhx_pvddate,cvhx,,text,Date of diagnosis,,MM/DD/YY,date_ymd,,,,"[cvhx_pvd]=""1""",,,,,,
cvhx_tedz,cvhx,,radio,Thromboembolic Disease,"1,Yes|2,No|3,Unknown",,,,,,,,,,,,
cvhx_tedzdetail,cvhx,,notes,Specify findings,,,,,,,"[cvhx_tedz]=""1""",,,,,,
cvhx_tedzdate,cvhx,,text,Date of diagnosis,,MM/DD/YY,date_ymd,,,,"[cvhx_tedz]=""1""",,,,,,
cvhx_premchf,cvhx,,radio,Premature CHF (age < 65 yrs) in parents or siblings,"1,Yes|2,No|3,Unknown",,,,,,,,,,,,
cvhx_premchfdetail,cvhx,,notes,Specify findings,,,,,,,"[cvhx_premchf]=""1""",,,,,,
cvhx_premchfdate,cvhx,,text,Date of diagnosis,,MM/DD/YY,date_ymd,,,,"[cvhx_premchf]=""1""",,,,,,
cvhx_valvrepsurg,cvhx,Prior Surgery/Procedure,radio,Valvular Replacement,"1,Yes|2,No|3,Unknown",,,,,,,,,,,,
cvhx_valverepvalve,cvhx,,checkbox,List valve(s),"1,mitral|2,aortic|3,tricuspid|4,pulmonic",,,,,,"[cvhx_valvrepsurg]=""1""",,,,,,
cvhx_vrsvalve,cvhx,,notes,Specify findings,,,,,,,"[cvhx_valvrepsurg]=""1""",,,,,,
cvhx_vrsdate,cvhx,,text,Date of diagnosis,,MM/DD/YY,date_ymd,,,,"[cvhx_valvrepsurg]=""1""",,,,,,
cvhx_vplasty,cvhx,,radio,Valvuloplasty,"1,Yes|2,No|3,Unknown",,,,,,,,,,,,
cvhx_vplastvalve,cvhx,,checkbox,List valve(s),"1,mitral|2,aortic|3,tricuspid|4,pulmonic",,,,,,"[cvhx_vplasty]=""1""",,,,,,
cvhx_vpvalve,cvhx,,notes,Specify findings,,,,,,,"[cvhx_vplasty]=""1""",,,,,,
cvhx_vpdate,cvhx,,text,Date of diagnosis,,MM/DD/YY,date_ymd,,,,"[cvhx_vplasty]=""1""",,,,,,
cvhx_ppm,cvhx,,radio,Pacemaker,"1,Yes|2,No|3,Unknown",,,,,,,,,,,,
cvhx_ppmdetail,cvhx,,notes,Specify findings,,,,,,,"[cvhx_ppm]=""1""",,,,,,
cvhx_ppmdate,cvhx,,text,Date of diagnosis,,MM/DD/YY,date_ymd,,,,"[cvhx_ppm]=""1""",,,,,,
cvhx_ablation,cvhx,,radio,Ablation,"1,Yes|2,No|3,Unknown",,,,,,,,,,,,
cvhx_ablationdetail,cvhx,,notes,Specify findings,,,,,,,"[cvhx_ablation]=""1""",,,,,,
cvhx_ablationdate,cvhx,,text,Date of diagnosis,,MM/DD/YY,date_ymd,,,,"[cvhx_ablation]=""1""",,,,,,
cvhx_icd,cvhx,,radio,Implanted Cardiac Defibrillator,"1,Yes|2,No|3,Unknown",,,,,,,,,,,,
cvhx_icddetail,cvhx,,notes,Specify findings,,,,,,,"[cvhx_icd]=""1""",,,,,,
cvhx_date,cvhx,,text,Date of diagnosis,,MM/DD/YY,date_ymd,,,,"[cvhx_icd]=""1""",,,,,,
cvhx_aneurectomy,cvhx,,radio,Aneurysmectomy,"1,Yes|2,No|3,Unknown",,,,,,,,,,,,
cvhx_anectdetail,cvhx,,notes,Specify findings,,,,,,,"[cvhx_aneurectomy]=""1""",,,,,,
cvhx_anecdate,cvhx,,text,Date of diagnosis,,MM/DD/YY,date_ymd,,,,"[cvhx_aneurectomy]=""1""",,,,,,
cvhx_chdsurg,cvhx,,radio,"Congenital Heart Disease Surgery (ASD,VSD, etc.)","1,Yes|2,No|3,Unknown",,,,,,,,,,,,
cvhx_chdsurgdetail,cvhx,,notes,Specify findings,,,,,,,"[cvhx_chdsurg]=""1""",,,,,,
cvhx_chdsurgdate,cvhx,,text,Date of diagnosis,,MM/DD/YY,date_ymd,,,,"[cvhx_chdsurg]=""1""",,,,,,
cvhx_mvdz,cvhx,Non-ischemic Etiology,radio,Mitral Valve Disease,"1,Yes|2,No|3,Unknown",,,,,,,,,,,,
cvhx_mvdetail,cvhx,,notes,Specify findings,,,,,,,"[cvhx_mvdz]=""1""",,,,,,
cvhx_mvdate,cvhx,,text,Date of diagnosis,,MM/DD/YY,date_ymd,,,,"[cvhx_mvdz]=""1""",,,,,,
cvhx_avdz,cvhx,,radio,Aortic Valvular Disease,"1,Yes|2,No|3,Unknown",,,,,,,,,,,,
cvhx_avdetail,cvhx,,notes,Specify findings,,,,,,,"[cvhx_avdz]=""1""",,,,,,
cvhx_avdate,cvhx,,text,Date of diagnosis,,MM/DD/YY,date_ymd,,,,"[cvhx_avdz]=""1""",,,,,,
cvhx_etohcm,cvhx,,radio,Alcoholic Cardiomyopathy,"1,Yes|2,No|3,Unknown",,,,,,,,,,,,
cvhx_etohcmdetail,cvhx,,notes,Specify findings,,,,,,,"[cvhx_etohcm]=""1""",,,,,,
cvhx_etohcmdate,cvhx,,text,Date of diagnosis,,MM/DD/YY,date_ymd,,,,"[cvhx_etohcm]=""1""",,,,,,
cvhx_drugcm,cvhx,,radio,Drug Induced,"1,Yes|2,No|3,Unknown",,,,,,,,,,,,
cvhx_drugdetail,cvhx,,notes,Specify findings,,,,,,,"[cvhx_drugcm]=""1""",,,,,,
cvhx_drugdate,cvhx,,text,Date of diagnosis,,MM/DD/YY,date_ymd,,,,"[cvhx_drugcm]=""1""",,,,,,
cvhx_htncm,cvhx,,radio,Hypertension Induced,"1,Yes|2,No|3,Unknown",,,,,,,,,,,,
cvhx_htncmdetail,cvhx,,notes,Specify findings,,,,,,,"[cvhx_htncm]=""1""",,,,,,
cvhx_htncmdate,cvhx,,text,Date of diagnosis,,MM/DD/YY,date_ymd,,,,"[cvhx_htncm]=""1""",,,,,,
cvhx_famcm,cvhx,,radio,Familial,"1,Yes|2,No|3,Unknown",,,,,,,,,,,,
cvhx_famcmdetail,cvhx,,notes,Specify findings,,,,,,,"[cvhx_famcm]=""1""",,,,,,
cvhx_famcmdate,cvhx,,text,Date of diagnosis,,MM/DD/YY,date_ymd,,,,"[cvhx_famcm]=""1""",,,,,,
cvhx_viralcm,cvhx,,radio,Viral,"1,Yes|2,No|3,Unknown",,,,,,,,,,,,
cvhx_viralcmdetail,cvhx,,notes,Specify findings,,,,,,,"[cvhx_viralcm]=""1""",,,,,,
cvhx_viralcmdate,cvhx,,text,Date of diagnosis,,MM/DD/YY,date_ymd,,,,"[cvhx_viralcm]=""1""",,,,,,
cvhx_idcm,cvhx,,radio,Idiopathic,"1,Yes|2,No|3,Unknown",,,,,,,,,,,,
cvhx_idcmdetail,cvhx,,notes,Specify findings,,,,,,,"[cvhx_idcm]=""1""",,,,,,
cvhx_idcmdate,cvhx,,text,Date of diagnosis,,MM/DD/YY,date_ymd,,,,"[cvhx_idcm]=""1""",,,,,,
cvhx_othercm,cvhx,,radio,"Other (Chagas, myocarditis)","1,Yes|2,No|3,Unknown",,,,,,,,,,,,
cvhx_othercmdetail,cvhx,,notes,Specify findings,,,,,,,"[cvhx_othercm]=""1""",,,,,,
cvhx_othercmdate,cvhx,,text,Date of diagnosis,,MM/DD/YY,date_ymd,,,,"[cvhx_othercm]=""1""",,,,,,
pe_date,physicalexam,,text,Date of Physical Examination,,MM/DD/YY,date_ymd,,,,,,,,,,
pe_ht,physicalexam,Vital Signs,text,Height,,in,,,,,,,,,,,
pe_wtkg,physicalexam,,text,Weight (kg),,kg,,,,,,,,,,,
pe_hrsit,physicalexam,,text,Sitting Heart Rate,,bpm,,,,,,,,,,,
pe_sbpsit,physicalexam,,text,Sitting Systolic Blood Pressure,,mm Hg,,,,,,,,,,,
pe_dbpsit,physicalexam,,text,Sitting Diastolic Blood Pressure,,mm Hg,,,,,,,,,,,
pe_appear,physicalexam,Assessment,radio,General appearance,"1,Normal|2,Abnormal|3,Unknown",,,,,,,,,,,,
pe_appeardetail,physicalexam,,notes,General appearance detail if abnormal,,,,,,,"[pe_appear] = ""2""",,,,,,
pe_skin,physicalexam,,radio,Skin and appendages,"1,Normal|2,Abnormal|3,Unknown",,,,,,,,,,,,
pe_skindetail,physicalexam,,notes,Skin and appendages detail if abnormal,,,,,,,"[pe_skin] = ""2""",,,,,,
pe_heent,physicalexam,,radio,HEENT,"1,Normal|2,Abnormal|3,Unknown",,,,,,,,,,,,
pe_heentdetail,physicalexam,,notes,HEENT detail if abnormal,,,,,,,"[pe_heent] = ""2""",,,,,,
pe_heart,physicalexam,,radio,Heart,"1,Normal|2,Abnormal|3,Unknown",,,,,,,,,,,,
pe_heartdetail,physicalexam,,notes,Heart detail if abnormal,,,,,,,"[pe_heart] = ""2""",,,,,,
pe_lungs,physicalexam,,radio,Chest/Lungs,"1,Normal|2,Abnormal|3,Unknown",,,,,,,,,,,,
pe_lungsdetail,physicalexam,,notes,Chest/Lungs detail if abnormal,,,,,,,"[pe_lungs] = ""2""",,,,,,
pe_abd,physicalexam,,radio,Abdomen,"1,Normal|2,Abnormal|3,Unknown",,,,,,,,,,,,
pe_abddetail,physicalexam,,notes,Abdomen detail if abnormal,,,,,,,"[pe_abd] = ""2""",,,,,,
pe_lymph,physicalexam,,radio,Lymph nodes,"1,Normal|2,Abnormal|3,Unknown",,,,,,,,,,,,
pe_lymphdetail,physicalexam,,notes,Lymph nodes detail if abnormal,,,,,,,"[pe_lymph] = ""2""",,,,,,
pe_msk,physicalexam,,radio,Musculoskeletal,"1,Normal|2,Abnormal|3,Unknown",,,,,,,,,,,,
pe_mskdetail,physicalexam,,notes,Musculoskeletal detail if abnormal,,,,,,,"[pe_msk] = ""2""",,,,,,
pe_neuro,physicalexam,,radio,Neurologic,"1,Normal|2,Abnormal|3,Unknown",,,,,,,,,,,,
pe_neurodetail,physicalexam,,notes,Neurologic detail if abnormal,,,,,,,"[pe_neuro] = ""2""",,,,,,
pe_other1,physicalexam,,radio,Other 1,"1,Normal|2,Abnormal|3,Unknown",,,,,,,,,,,,
pe_other1detail,physicalexam,,notes,Other 1 detail if abnormal,,,,,,,"[pe_other1] = ""2""",,,,,,
pe_other2,physicalexam,,radio,Other 2,"1,Normal|2,Abnormal|3,Unknown",,,,,,,,,,,,
pe_other2detail,physicalexam,,notes,Other 2 detail if abnormal,,,,,,,"[pe_other2] = ""2""",,,,,,
pe_other3,physicalexam,,radio,Other 3,"1,Normal|2,Abnormal|3,Unknown",,,,,,,,,,,,
pe_other3detail,physicalexam,,notes,Other 3 detail if abnormal,,,,,,,"[pe_other3] = ""2""",,,,,,
ecg_done,ecg,,radio,ECG done?,"1,Yes|2,No",,,,,,,,,,,,
ecg_date,ecg,Electrocardiogram,text,Date completed,,MM/DD/YY,date_ymd,,,,,,,,,,
ecg_time,ecg,,text,Time,,HH:MM,time,,,,,,,,,,
ecg_ventrate,ecg,,text,Ventricular rate,,bpm,number,,,,,,,,,,
ecg_pr,ecg,,text,PR interval,,msec,number,,,,,,,,,,
ecg_qrs,ecg,,text,QRS duration,,msec,number,,,,,,,,,,
ecg_qt,ecg,,text,QT interval,,msec,number,,,,,,,,,,
ecg_qtc,ecg,,text,QTc interval,,msec,number,,,,,,,,,,
ecg_axis,ecg,,text,QRS axis,,degrees,number,,,,,,,,,,
ecg_paced,ecg,Qualitative measures,radio,Paced rhythm?,"1,Yes|2,No",,,,,,,,,,,,
ecg_afib,ecg,,radio,Atrial fibrillation?,"1,Yes|2,No",,,,,,,,,,,,
ecg_aflutter,ecg,,radio,Atrial flutter?,"1,Yes|2,No",,,,,,,,,,,,
ecg_lbbb,ecg,,radio,Left bundle branch block?,"1,Yes|2,No",,,,,,,,,,,,
ecg_rbbb,ecg,,radio,Right bundle branch block,"1,Yes|2,No",,,,,,,,,,,,
ecg_assess,ecg,,radio,Overall assessment,"1,Normal|2,Abnormal not clinically significant|3, Abnormal clinically significant",,,,,,,,,,,,
cath_done,cath,,radio,Cath completed?,"1,Yes|2,No",,,,,,,,,,,,
cath_date,cath,Cardiac Catheterization: Right and Left Ventricle,text,Date completed,,MM/DD/YY,date_ymd,,,,,,,,,,
cath_hr,cath,,text,Heart rate (bpm),,bpm,number,,,,,,,,,,
cath_bsa,cath,,text,Body surface area (kg/m^2),,kg/m^2,number,,,,,,,,,,
cath_sbp,cath,,text,Noninvasive systolic blood pressure,,mm Hg,number,,,,,,,,,,
cath_dbp,cath,,text,Noninvasive diastolic blood pressure,,mm Hg,number,,,,,,,,,,
cath_ra,cath,RV/PA,text,RA mean (mm Hg),,mm Hg,number,,,,,,,,,,
cath_rvsp,cath,,text,RV systolic (mm Hg),,mm Hg,number,,,,,,,,,,
cath_rvdp,cath,,text,RV end diastolic (mm Hg),,mm Hg,number,,,,,,,,,,
cath_pasp,cath,,text,PA systolic (mm Hg),,mm Hg,number,,,,,,,,,,
cath_padp,cath,,text,PA diastolic (mm Hg),,mm Hg,number,,,,,,,,,,
cath_pamean,cath,,text,PA mean (mm Hg),,mm Hg,number,,,,,,,,,,
cath_pawp,cath,,text,PAW mean (mm Hg),,mm Hg,number,,,,,,,,,,
cath_rvtau,cath,,text,RV diastolic function (tau),,,number,,,,,,,,,,
cath_co,cath,Function,text,CO (L/min),,L/min,number,,,,,,,,,,
cath_ci,cath,,text,CI (L/min/m^2),,L/min/m^2,number,,,,,,,,,,
cath_avo2,cath,,text,AVO2 (vol %),,vol %,number,,,,,,,,,,
cath_lvdone,cath,LV,radio,Left Heart Cath,"1,LV done at this visit|2,LV not done at this visit",,,,,,,,,,,,
cath_aosp,cath,,text,AO systolic (mm Hg),,mm Hg,number,,,,,,,,,,
cath_lvsp,cath,,text,LV systolic (mm Hg),,mm Hg,number,,,,,,,,,,
cath_lvtau,cath,,text,LV diastolic function (tau),,,number,,,,,,,,,,
cath_posdpdp,cath,,text,positive dP/dt,,,number,,,,,,,,,,
cath_negdpdt,cath,,text,negative dP/dT,,,number,,,,,,,,,,
cath_pvr,cath,Calculated Parameter,text,PVR (Woods Units),,Woods units,number,,,,,,,,,,
cath_svr,cath,,text,SVR (Woods Units),,Woods units,number,,,,,,,,,,
cath_sv,cath,,text,SV,,ml/beat,number,,,,,,,,,,
cath_svi,cath,,text,SVI,,ml/beat/m^2,number,,,,,,,,,,
cath_bx,cath,Endomyocardial Biopsy,radio,Biopsy completed?,"1,Yes|2,No",,,,,,,,,,,,
cath_bxresult,cath,,checkbox,Pathologic findings,"1,Normal myocytes|2,Hypertrophy|3,Fibrosis|4,Inflammation|5,Insufficient sample",,,,,,"[cath_bx]=""1""",,,,,,
cath_bxdetail,cath,,notes,"If no, specify why not",,,,,,,"[cath_bx] = ""2""",,,,,,
dob_done,dobutamine,,radio,Dobutamine study completed?,"1,Yes|2,No",,,,,,,,,,,,
dob_date,dobutamine,,text,Date completed,,MM/DD/YY,date_ymd,,,,,,,,,,
dob_wtkg,dobutamine,Baseline Hemodynamic Measurements followed by Dobutamine Infusion and Hemodynamic Measurements,text,Body Weight (kg),,kg,number,,,,,,,,,,
dob_bsa,dobutamine,,text,BSA (m^2),,m^2,,,,,,,,,,,
dob_sgtimein,dobutamine,,text,Time of Swan-Ganz catheter insertion in cath laboratory,,HH:MM,time,,,,,,,,,,
dob_baseline1measstart,dobutamine,Baseline # 1,text,Measurement start time,,HH:MM,time,,,,,,,,,,
dob_baseline1hr,dobutamine,,text,Heart rate (bpm),,bpm,number,0,,,,,,,,,
dob_baseline1sbp,dobutamine,,text,SBP (mm Hg),,mm Hg,number,0,,,,,,,,,
dob_baseline1dbp,dobutamine,,text,DBP (mm Hg),,mm Hg,number,0,,,,,,,,,
dob_baseline1map,dobutamine,,text,MAP (mm Hg),,mm Hg,number,0,,,,,,,,,
dob_baseline1pasp,dobutamine,,text,PASP (mm Hg),,mm Hg,number,0,,,,,,,,,
dob_baseline1padp,dobutamine,,text,PADP (mm Hg),,mm Hg,number,0,,,,,,,,,
dob_baseline1mpap,dobutamine,,text,MPAP (mm Hg),,mm Hg,number,0,,,,,,,,,
dob_baseline1pcwp,dobutamine,,text,PCWP (mm Hg),,mm Hg,number,0,,,,,,,,,
dob_baseline1mrap,dobutamine,,text,MRAP (mm Hg),,mm Hg,number,0,,,,,,,,,
dob_baseline1co,dobutamine,,text,CO (L/min),,L/min,number,0,,,,,,,,,
dob_baseline1ci,dobutamine,,text,CI (CO/BSA) (L/min/m^2),,L/min/m^2,number,0,,,,,,,,,
dob_baseline1sao2,dobutamine,,text,SaO2,,,number,0,,,,,,,,,
dob_baseline1svo2,dobutamine,,text,SvO2,,,number,0,,,,,,,,,
dob_baseline2measstart,dobutamine,Baseline # 2,text,Measurement start time,,HH:MM,time,,,,,,,,,,
dob_baseline2hr,dobutamine,,text,Heart rate (bpm),,bpm,number,0,,,,,,,,,
dob_baseline2sbp,dobutamine,,text,SBP (mm Hg),,mm Hg,number,0,,,,,,,,,
dob_baseline2dbp,dobutamine,,text,DBP (mm Hg),,mm Hg,number,0,,,,,,,,,
dob_baseline2map,dobutamine,,text,MAP (mm Hg),,mm Hg,number,0,,,,,,,,,
dob_baseline2pasp,dobutamine,,text,PASP (mm Hg),,mm Hg,number,0,,,,,,,,,
dob_baseline2padp,dobutamine,,text,PADP (mm Hg),,mm Hg,number,0,,,,,,,,,
dob_baseline2mpap,dobutamine,,text,MPAP (mm Hg),,mm Hg,number,0,,,,,,,,,
dob_baseline2pcwp,dobutamine,,text,PCWP (mm Hg),,mm Hg,number,0,,,,,,,,,
dob_baseline2mrap,dobutamine,,text,MRAP (mm Hg),,mm Hg,number,0,,,,,,,,,
dob_baseline2co,dobutamine,,text,CO (L/min),,L/min,number,0,,,,,,,,,
dob_baseline2ci,dobutamine,,text,CI (CO/BSA) (L/min/m^2),,L/min/m^2,number,0,,,,,,,,,
dob_baseline2sao2,dobutamine,,text,SaO2,,,number,0,,,,,,,,,
dob_baseline2svo2,dobutamine,,text,SvO2,,,number,0,,,,,,,,,
dob_5mcginfusionstart,dobutamine,5 mcg/kg/min,text,Infusion start time,,HH:MM,time,,,,,,,,,,
dob_5mcginfusionstop,dobutamine,,text,Infusion stop time,,HH:MM,time,,,,,,,,,,
dob_5mcgmeasstart,dobutamine,,text,Measurement start time,,HH:MM,time,,,,,,,,,,
dob_5mcghr,dobutamine,,text,Heart rate (bpm),,bpm,number,0,,,,,,,,,
dob_5mcgsbp,dobutamine,,text,SBP (mm Hg),,mm Hg,number,0,,,,,,,,,
dob_5mcgdbp,dobutamine,,text,DBP (mm Hg),,mm Hg,number,0,,,,,,,,,
dob_5mcgmap,dobutamine,,text,MAP (mm Hg),,mm Hg,number,0,,,,,,,,,
dob_5mcgpasp,dobutamine,,text,PASP (mm Hg),,mm Hg,number,0,,,,,,,,,
dob_5mcgpadp,dobutamine,,text,PADP (mm Hg),,mm Hg,number,0,,,,,,,,,
dob_5mcgmpap,dobutamine,,text,MPAP (mm Hg),,mm Hg,number,0,,,,,,,,,
dob_5mcgpcwp,dobutamine,,text,PCWP (mm Hg),,mm Hg,number,0,,,,,,,,,
dob_5mcgmrap,dobutamine,,text,MRAP (mm Hg),,mm Hg,number,0,,,,,,,,,
dob_5mcgco,dobutamine,,text,CO (L/min),,L/min,number,0,,,,,,,,,
dob_5mcgci,dobutamine,,text,CI (CO/BSA) (L/min/m^2),,L/min/m^2,number,0,,,,,,,,,
dob_5mcgsao2,dobutamine,,text,SaO2,,,number,0,,,,,,,,,
dob_5mcgsvo2,dobutamine,,text,SvO2,,,number,0,,,,,,,,,
dob_10mcginfusionstart,dobutamine,10 mcg/kg/min,text,Infusion start time,,HH:MM,time,,,,,,,,,,
dob_10mcginfusionstop,dobutamine,,text,Infusion stop time,,HH:MM,time,,,,,,,,,,
dob_10mcgmeasstart,dobutamine,,text,Measurement start time,,HH:MM,time,,,,,,,,,,
dob_10mcghr,dobutamine,,text,Heart rate (bpm),,bpm,number,0,,,,,,,,,
dob_10mcgsbp,dobutamine,,text,SBP (mm Hg),,mm Hg,number,0,,,,,,,,,
dob_10mcgdbp,dobutamine,,text,DBP (mm Hg),,mm Hg,number,0,,,,,,,,,
dob_10mcgmap,dobutamine,,text,MAP (mm Hg),,mm Hg,number,0,,,,,,,,,
dob_10mcgpasp,dobutamine,,text,PASP (mm Hg),,mm Hg,number,0,,,,,,,,,
dob_10mcgpadp,dobutamine,,text,PADP (mm Hg),,mm Hg,number,0,,,,,,,,,
dob_10mcgmpap,dobutamine,,text,MPAP (mm Hg),,mm Hg,number,0,,,,,,,,,
dob_10mcgpcwp,dobutamine,,text,PCWP (mm Hg),,mm Hg,number,0,,,,,,,,,
dob_10mcgmrap,dobutamine,,text,MRAP (mm Hg),,mm Hg,number,0,,,,,,,,,
dob_10mcgco,dobutamine,,text,CO (L/min),,L/min,number,0,,,,,,,,,
dob_10mcgci,dobutamine,,text,CI (CO/BSA) (L/min/m^2),,L/min/m^2,number,0,,,,,,,,,
dob_10mcgsao2,dobutamine,,text,SaO2,,,number,0,,,,,,,,,
dob_10mcgsvo2,dobutamine,,text,SvO2,,,number,0,,,,,,,,,
dob_15mcginfusionstart,dobutamine,15 mcg/kg/min,text,Infusion start time,,HH:MM,time,,,,,,,,,,
dob_15mcginfusionstop,dobutamine,,text,Infusion stop time,,HH:MM,time,,,,,,,,,,
dob_15mcgmeasstart,dobutamine,,text,Measurement start time,,HH:MM,time,,,,,,,,,,
dob_15mcghr,dobutamine,,text,Heart rate (bpm),,bpm,number,0,,,,,,,,,
dob_15mcgsbp,dobutamine,,text,SBP (mm Hg),,mm Hg,number,0,,,,,,,,,
dob_15mcgdbp,dobutamine,,text,DBP (mm Hg),,mm Hg,number,0,,,,,,,,,
dob_15mcgmap,dobutamine,,text,MAP (mm Hg),,mm Hg,number,0,,,,,,,,,
dob_15mcgpasp,dobutamine,,text,PASP (mm Hg),,mm Hg,number,0,,,,,,,,,
dob_15mcgpadp,dobutamine,,text,PADP (mm Hg),,mm Hg,number,0,,,,,,,,,
dob_15mcgmpap,dobutamine,,text,MPAP (mm Hg),,mm Hg,number,0,,,,,,,,,
dob_15mcgpcwp,dobutamine,,text,PCWP (mm Hg),,mm Hg,number,0,,,,,,,,,
dob_15mcgmrap,dobutamine,,text,MRAP (mm Hg),,mm Hg,number,0,,,,,,,,,
dob_15mcgco,dobutamine,,text,CO (L/min),,L/min,number,0,,,,,,,,,
dob_15mcgci,dobutamine,,text,CI (CO/BSA) (L/min/m^2),,L/min/m^2,number,0,,,,,,,,,
dob_15mcgsao2,dobutamine,,text,SaO2,,,number,0,,,,,,,,,
dob_15mcgsvo2,dobutamine,,text,SvO2,,,number,0,,,,,,,,,
dob_20mcginfusionstart,dobutamine,20 mcg/kg/min,text,Infusion start time,,HH:MM,time,,,,,,,,,,
dob_20mcginfusionstop,dobutamine,,text,Infusion stop time,,HH:MM,time,,,,,,,,,,
dob_20mcgmeasstart,dobutamine,,text,Measurement start time,,HH:MM,time,,,,,,,,,,
dob_20mcghr,dobutamine,,text,Heart rate (bpm),,bpm,number,0,,,,,,,,,
dob_20mcgsbp,dobutamine,,text,SBP (mm Hg),,mm Hg,number,0,,,,,,,,,
dob_20mcgdbp,dobutamine,,text,DBP (mm Hg),,mm Hg,number,0,,,,,,,,,
dob_20mcgmap,dobutamine,,text,MAP (mm Hg),,mm Hg,number,0,,,,,,,,,
dob_20mcgpasp,dobutamine,,text,PASP (mm Hg),,mm Hg,number,0,,,,,,,,,
dob_20mcgpadp,dobutamine,,text,PADP (mm Hg),,mm Hg,number,0,,,,,,,,,
dob_20mcgmpap,dobutamine,,text,MPAP (mm Hg),,mm Hg,number,0,,,,,,,,,
dob_20mcgpcwp,dobutamine,,text,PCWP (mm Hg),,mm Hg,number,0,,,,,,,,,
dob_20mcgmrap,dobutamine,,text,MRAP (mm Hg),,mm Hg,number,0,,,,,,,,,
dob_20mcgco,dobutamine,,text,CO (L/min),,L/min,number,0,,,,,,,,,
dob_20mcgci,dobutamine,,text,CI (CO/BSA) (L/min/m^2),,L/min/m^2,number,0,,,,,,,,,
dob_20mcgsao2,dobutamine,,text,SaO2,,,number,0,,,,,,,,,
dob_20mcgsvo2,dobutamine,,text,SvO2,,,number,0,,,,,,,,,
dob_repcriteria,dobutamine,,radio,Has baseline control criteria been met? (CO between final two tests differ by less than 15%),"1,YES|2,NO",,,,,,,,,,,,
addhd_done,additionalhd,,radio,Additional hemodynamics done?,"1,Yes|2,No",,,,,,,,,,,,
addhd_date,additionalhd,,text,Date completed,,MM/DD/YY,date_ymd,,,,,,,,,,
addhd_meas1time,additionalhd,Measurement #1,text,Measurement start time,,HH:MM,time,,,,,,,,,,
addhd_meas1hr,additionalhd,,text,Heart rate (bpm),,bpm,number,0,,,,,,,,,
addhd_meas1sbp,additionalhd,,text,SBP (mm Hg),,mm Hg,number,0,,,,,,,,,
addhd_meas1dbp,additionalhd,,text,DBP (mm Hg),,mm Hg,number,0,,,,,,,,,
addhd_meas1map,additionalhd,,text,MAP (mm Hg),,mm Hg,number,0,,,,,,,,,
addhd_meas1pasp,additionalhd,,text,PASP (mm Hg),,mm Hg,number,0,,,,,,,,,
addhd_meas1padp,additionalhd,,text,PADP (mm Hg),,mm Hg,number,0,,,,,,,,,
addhd_meas1mpap,additionalhd,,text,MPAP (mm Hg),,mm Hg,number,0,,,,,,,,,
addhd_meas1pcwp,additionalhd,,text,PCWP (mm Hg),,mm Hg,number,0,,,,,,,,,
addhd_meas1mrap,additionalhd,,text,MRAP (mm Hg),,mm Hg,number,0,,,,,,,,,
addhd_meas1co,additionalhd,,text,CO (L/min),,L/min,number,0,,,,,,,,,
addhd_meas1ci,additionalhd,,text,CI (CO/BSA) (L/min/m^2),,L/min/m^2,number,0,,,,,,,,,
addhd_meas1sao2,additionalhd,,text,SaO2,,,number,0,,,,,,,,,
addhd_meas1svo2,additionalhd,,text,SvO2,,,number,0,,,,,,,,,
addhd_meas2time,additionalhd,Measurement #2,text,Measurement start time,,HH:MM,time,,,,,,,,,,
addhd_meas2hr,additionalhd,,text,Heart rate (bpm),,bpm,number,0,,,,,,,,,
addhd_meas2sbp,additionalhd,,text,SBP (mm Hg),,mm Hg,number,0,,,,,,,,,
addhd_meas2dbp,additionalhd,,text,DBP (mm Hg),,mm Hg,number,0,,,,,,,,,
addhd_meas2map,additionalhd,,text,MAP (mm Hg),,mm Hg,number,0,,,,,,,,,
addhd_meas2pasp,additionalhd,,text,PASP (mm Hg),,mm Hg,number,0,,,,,,,,,
addhd_meas2padp,additionalhd,,text,PADP (mm Hg),,mm Hg,number,0,,,,,,,,,
addhd_meas2mpap,additionalhd,,text,MPAP (mm Hg),,mm Hg,number,0,,,,,,,,,
addhd_meas2pcwp,additionalhd,,text,PCWP (mm Hg),,mm Hg,number,0,,,,,,,,,
addhd_meas2mrap,additionalhd,,text,MRAP (mm Hg),,mm Hg,number,0,,,,,,,,,
addhd_meas2co,additionalhd,,text,CO (L/min),,L/min,number,0,,,,,,,,,
addhd_meas2ci,additionalhd,,text,CI (CO/BSA) (L/min/m^2),,L/min/m^2,number,0,,,,,,,,,
addhd_meas2sao2,additionalhd,,text,SaO2,,,number,0,,,,,,,,,
addhd_meas2svo2,additionalhd,,text,SvO2,,,number,0,,,,,,,,,
addhd_meas3time,additionalhd,Measurement #3,text,Measurement start time,,HH:MM,time,,,,,,,,,,
addhd_meas3hr,additionalhd,,text,Heart rate (bpm),,bpm,number,0,,,,,,,,,
addhd_meas3sbp,additionalhd,,text,SBP (mm Hg),,mm Hg,number,0,,,,,,,,,
addhd_meas3dbp,additionalhd,,text,DBP (mm Hg),,mm Hg,number,0,,,,,,,,,
addhd_meas3map,additionalhd,,text,MAP (mm Hg),,mm Hg,number,0,,,,,,,,,
addhd_meas3pasp,additionalhd,,text,PASP (mm Hg),,mm Hg,number,0,,,,,,,,,
addhd_meas3padp,additionalhd,,text,PADP (mm Hg),,mm Hg,number,0,,,,,,,,,
addhd_meas3mpap,additionalhd,,text,MPAP (mm Hg),,mm Hg,number,0,,,,,,,,,
addhd_meas3pcwp,additionalhd,,text,PCWP (mm Hg),,mm Hg,number,0,,,,,,,,,
addhd_meas3mrap,additionalhd,,text,MRAP (mm Hg),,mm Hg,number,0,,,,,,,,,
addhd_meas3co,additionalhd,,text,CO (L/min),,L/min,number,0,,,,,,,,,
addhd_meas3ci,additionalhd,,text,CI (CO/BSA) (L/min/m^2),,L/min/m^2,number,0,,,,,,,,,
addhd_meas3sao2,additionalhd,,text,SaO2,,,number,0,,,,,,,,,
addhd_meas3svo2,additionalhd,,text,SvO2,,,number,0,,,,,,,,,
addhd_meas4time,additionalhd,Measurement #4,text,Measurement start time,,HH:MM,time,,,,,,,,,,
addhd_meas4hr,additionalhd,,text,Heart rate (bpm),,bpm,number,0,,,,,,,,,
addhd_meas4sbp,additionalhd,,text,SBP (mm Hg),,mm Hg,number,0,,,,,,,,,
addhd_meas4dbp,additionalhd,,text,DBP (mm Hg),,mm Hg,number,0,,,,,,,,,
addhd_meas4map,additionalhd,,text,MAP (mm Hg),,mm Hg,number,0,,,,,,,,,
addhd_meas4pasp,additionalhd,,text,PASP (mm Hg),,mm Hg,number,0,,,,,,,,,
addhd_meas4padp,additionalhd,,text,PADP (mm Hg),,mm Hg,number,0,,,,,,,,,
addhd_meas4mpap,additionalhd,,text,MPAP (mm Hg),,mm Hg,number,0,,,,,,,,,
addhd_meas4pcwp,additionalhd,,text,PCWP (mm Hg),,mm Hg,number,0,,,,,,,,,
addhd_meas4mrap,additionalhd,,text,MRAP (mm Hg),,mm Hg,number,0,,,,,,,,,
addhd_meas4co,additionalhd,,text,CO (L/min),,L/min,number,0,,,,,,,,,
addhd_meas4ci,additionalhd,,text,CI (CO/BSA) (L/min/m^2),,L/min/m^2,number,0,,,,,,,,,
addhd_meas4sao2,additionalhd,,text,SaO2,,,number,0,,,,,,,,,
addhd_meas4svo2,additionalhd,,text,SvO2,,,number,0,,,,,,,,,
mil_done,milrinone,,radio,Milrinone study completed?,"1,Yes|2,No",,,,,,,,,,,,
mil_date,milrinone,Milrinone Hemodynamices,text,Date completed,,MM/DD/YY,date_ymd,,,,,,,,,,
mil_baseline1measstart,milrinone,Baseline # 1,text,Measurement start time,,HH:MM,time,,,,,,,,,,
mil_baseline1hr,milrinone,,text,Heart rate (bpm),,bpm,number,0,,,,,,,,,
mil_baseline1sbp,milrinone,,text,SBP (mm Hg),,mm Hg,number,0,,,,,,,,,
mil_baseline1dbp,milrinone,,text,DBP (mm Hg),,mm Hg,number,0,,,,,,,,,
mil_baseline1map,milrinone,,text,MAP (mm Hg),,mm Hg,number,0,,,,,,,,,
mil_baseline1pasp,milrinone,,text,PASP (mm Hg),,mm Hg,number,0,,,,,,,,,
mil_baseline1padp,milrinone,,text,PADP (mm Hg),,mm Hg,number,0,,,,,,,,,
mil_baseline1mpap,milrinone,,text,MPAP (mm Hg),,mm Hg,number,0,,,,,,,,,
mil_baseline1pcwp,milrinone,,text,PCWP (mm Hg),,mm Hg,number,0,,,,,,,,,
mil_baseline1mrap,milrinone,,text,MRAP (mm Hg),,mm Hg,number,0,,,,,,,,,
mil_baseline1co,milrinone,,text,CO (L/min),,L/min,number,0,,,,,,,,,
mil_baseline1ci,milrinone,,text,CI (CO/BSA) (L/min/m^2),,L/min/m^2,number,0,,,,,,,,,
mil_baseline1sao2,milrinone,,text,SaO2,,,number,0,,,,,,,,,
mil_baseline1svo2,milrinone,,text,SvO2,,,number,0,,,,,,,,,
mil_baseline2measstart,milrinone,Baseline # 2,text,Measurement start time,,HH:MM,time,,,,,,,,,,
mil_baseline2hr,milrinone,,text,Heart rate (bpm),,bpm,number,0,,,,,,,,,
mil_baseline2sbp,milrinone,,text,SBP (mm Hg),,mm Hg,number,0,,,,,,,,,
mil_baseline2dbp,milrinone,,text,DBP (mm Hg),,mm Hg,number,0,,,,,,,,,
mil_baseline2map,milrinone,,text,MAP (mm Hg),,mm Hg,number,0,,,,,,,,,
mil_baseline2pasp,milrinone,,text,PASP (mm Hg),,mm Hg,number,0,,,,,,,,,
mil_baseline2padp,milrinone,,text,PADP (mm Hg),,mm Hg,number,0,,,,,,,,,
mil_baseline2mpap,milrinone,,text,MPAP (mm Hg),,mm Hg,number,0,,,,,,,,,
mil_baseline2pcwp,milrinone,,text,PCWP (mm Hg),,mm Hg,number,0,,,,,,,,,
mil_baseline2mrap,milrinone,,text,MRAP (mm Hg),,mm Hg,number,0,,,,,,,,,
mil_baseline2co,milrinone,,text,CO (L/min),,L/min,number,0,,,,,,,,,
mil_baseline2ci,milrinone,,text,CI (CO/BSA) (L/min/m^2),,L/min/m^2,number,0,,,,,,,,,
mil_baseline2sao2,milrinone,,text,SaO2,,,number,0,,,,,,,,,
mil_baseline2svo2,milrinone,,text,SvO2,,,number,0,,,,,,,,,
mil_125mcginfusionstart,milrinone,12.5 mcg/kg,text,Infusion start time,,HH:MM,time,,,,,,,,,,
mil_125mcginfusionstop,milrinone,,text,Infusion stop time,,HH:MM,time,,,,,,,,,,
mil_125mcginfendmeasstart,milrinone,12.5 mcg/kg at infusion end,text,Measurement start time,,HH:MM,time,,,,,,,,,,
mil_125mcginfendhr,milrinone,,text,Heart rate (bpm),,bpm,number,0,,,,,,,,,
mil_125mcginfendsbp,milrinone,,text,SBP (mm Hg),,mm Hg,number,0,,,,,,,,,
mil_125mcginfenddbp,milrinone,,text,DBP (mm Hg),,mm Hg,number,0,,,,,,,,,
mil_125mcginfendmap,milrinone,,text,MAP (mm Hg),,mm Hg,number,0,,,,,,,,,
mil_125mcginfendpasp,milrinone,,text,PASP (mm Hg),,mm Hg,number,0,,,,,,,,,
mil_125mcginfendpadp,milrinone,,text,PADP (mm Hg),,mm Hg,number,0,,,,,,,,,
mil_125mcginfendmpap,milrinone,,text,MPAP (mm Hg),,mm Hg,number,0,,,,,,,,,
mil_125mcginfendpcwp,milrinone,,text,PCWP (mm Hg),,mm Hg,number,0,,,,,,,,,
mil_125mcginfendmrap,milrinone,,text,MRAP (mm Hg),,mm Hg,number,0,,,,,,,,,
mil_125mcginfendco,milrinone,,text,CO (L/min),,L/min,number,0,,,,,,,,,
mil_125mcginfendci,milrinone,,text,CI (CO/BSA) (L/min/m^2),,L/min/m^2,number,0,,,,,,,,,
mil_125mcginfendsao2,milrinone,,text,SaO2,,,number,0,,,,,,,,,
mil_125mcginfendsvo2,milrinone,,text,SvO2,,,number,0,,,,,,,,,
mil_125mcg5minpostmeasstart,milrinone,12.5 mcg/kg 5-min post,text,Measurement start time,,HH:MM,time,,,,,,,,,,
mil_125mcg5minposthr,milrinone,,text,Heart rate (bpm),,bpm,number,0,,,,,,,,,
mil_125mcg5minpostsbp,milrinone,,text,SBP (mm Hg),,mm Hg,number,0,,,,,,,,,
mil_125mcg5minpostdbp,milrinone,,text,DBP (mm Hg),,mm Hg,number,0,,,,,,,,,
mil_125mcg5minpostmap,milrinone,,text,MAP (mm Hg),,mm Hg,number,0,,,,,,,,,
mil_125mcg5minpostpasp,milrinone,,text,PASP (mm Hg),,mm Hg,number,0,,,,,,,,,
mil_125mcg5minpostpadp,milrinone,,text,PADP (mm Hg),,mm Hg,number,0,,,,,,,,,
mil_125mcg5minpostmpap,milrinone,,text,MPAP (mm Hg),,mm Hg,number,0,,,,,,,,,
mil_125mcg5minpostpcwp,milrinone,,text,PCWP (mm Hg),,mm Hg,number,0,,,,,,,,,
mil_125mcg5minpostmrap,milrinone,,text,MRAP (mm Hg),,mm Hg,number,0,,,,,,,,,
mil_125mcg5minpostco,milrinone,,text,CO (L/min),,L/min,number,0,,,,,,,,,
mil_125mcg5minpostci,milrinone,,text,CI (CO/BSA) (L/min/m^2),,L/min/m^2,number,0,,,,,,,,,
mil_125mcg5minpostsao2,milrinone,,text,SaO2,,,number,0,,,,,,,,,
mil_125mcg5minpostsvo2,milrinone,,text,SvO2,,,number,0,,,,,,,,,
mil_25mcginfusionstart,milrinone,25 mcg/kg,text,Infusion start time,,HH:MM,time,,,,,,,,,,
mil_25mcginfusionstop,milrinone,,text,Infusion stop time,,HH:MM,time,,,,,,,,,,
mil_25mcginfendmeasstart,milrinone,25 mcg/kg at infusion end,text,Measurement start time,,HH:MM,time,,,,,,,,,,
mil_25mcginfendhr,milrinone,,text,Heart rate (bpm),,bpm,number,0,,,,,,,,,
mil_25mcginfendsbp,milrinone,,text,SBP (mm Hg),,mm Hg,number,0,,,,,,,,,
mil_25mcginfenddbp,milrinone,,text,DBP (mm Hg),,mm Hg,number,0,,,,,,,,,
mil_25mcginfendmap,milrinone,,text,MAP (mm Hg),,mm Hg,number,0,,,,,,,,,
mil_25mcginfendpasp,milrinone,,text,PASP (mm Hg),,mm Hg,number,0,,,,,,,,,
mil_25mcginfendpadp,milrinone,,text,PADP (mm Hg),,mm Hg,number,0,,,,,,,,,
mil_25mcginfendmpap,milrinone,,text,MPAP (mm Hg),,mm Hg,number,0,,,,,,,,,
mil_25mcginfendpcwp,milrinone,,text,PCWP (mm Hg),,mm Hg,number,0,,,,,,,,,
mil_25mcginfendmrap,milrinone,,text,MRAP (mm Hg),,mm Hg,number,0,,,,,,,,,
mil_25mcginfendco,milrinone,,text,CO (L/min),,L/min,number,0,,,,,,,,,
mil_25mcginfendci,milrinone,,text,CI (CO/BSA) (L/min/m^2),,L/min/m^2,number,0,,,,,,,,,
mil_25mcginfendsao2,milrinone,,text,SaO2,,,number,0,,,,,,,,,
mil_25mcginfendsvo2,milrinone,,text,SvO2,,,number,0,,,,,,,,,
mil_25mcg5minpostmeasstart,milrinone,25 mcg/kg 5-min post,text,Measurement start time,,HH:MM,time,,,,,,,,,,
mil_25mcg5minposthr,milrinone,,text,Heart rate (bpm),,bpm,number,0,,,,,,,,,
mil_25mcg5minpostsbp,milrinone,,text,SBP (mm Hg),,mm Hg,number,0,,,,,,,,,
mil_25mcg5minpostdbp,milrinone,,text,DBP (mm Hg),,mm Hg,number,0,,,,,,,,,
mil_25mcg5minpostmap,milrinone,,text,MAP (mm Hg),,mm Hg,number,0,,,,,,,,,
mil_25mcg5minpostpasp,milrinone,,text,PASP (mm Hg),,mm Hg,number,0,,,,,,,,,
mil_25mcg5minpostpadp,milrinone,,text,PADP (mm Hg),,mm Hg,number,0,,,,,,,,,
mil_25mcg5minpostmpap,milrinone,,text,MPAP (mm Hg),,mm Hg,number,0,,,,,,,,,
mil_25mcg5minpostpcwp,milrinone,,text,PCWP (mm Hg),,mm Hg,number,0,,,,,,,,,
mil_25mcg5minpostmrap,milrinone,,text,MRAP (mm Hg),,mm Hg,number,0,,,,,,,,,
mil_25mcg5minpostco,milrinone,,text,CO (L/min),,L/min,number,0,,,,,,,,,
mil_25mcg5minpostci,milrinone,,text,CI (CO/BSA) (L/min/m^2),,L/min/m^2,number,0,,,,,,,,,
mil_25mcg5minpostsao2,milrinone,,text,SaO2,,,number,0,,,,,,,,,
mil_25mcg5minpostsvo2,milrinone,,text,SvO2,,,number,0,,,,,,,,,
mil_50mcginfusionstart,milrinone,50 mcg/kg,text,Infusion start time,,HH:MM,time,,,,,,,,,,
mil_50mcginfusionstop,milrinone,,text,Infusion stop time,,HH:MM,time,,,,,,,,,,
mil_50mcginfendmeasstart,milrinone,50 mcg/kg at infusion end,text,Measurement start time,,HH:MM,time,,,,,,,,,,
mil_50mcginfendhr,milrinone,,text,Heart rate (bpm),,bpm,number,0,,,,,,,,,
mil_50mcginfendsbp,milrinone,,text,SBP (mm Hg),,mm Hg,number,0,,,,,,,,,
mil_50mcginfenddbp,milrinone,,text,DBP (mm Hg),,mm Hg,number,0,,,,,,,,,
mil_50mcginfendmap,milrinone,,text,MAP (mm Hg),,mm Hg,number,0,,,,,,,,,
mil_50mcginfendpasp,milrinone,,text,PASP (mm Hg),,mm Hg,number,0,,,,,,,,,
mil_50mcginfendpadp,milrinone,,text,PADP (mm Hg),,mm Hg,number,0,,,,,,,,,
mil_50mcginfendmpap,milrinone,,text,MPAP (mm Hg),,mm Hg,number,0,,,,,,,,,
mil_50mcginfendpcwp,milrinone,,text,PCWP (mm Hg),,mm Hg,number,0,,,,,,,,,
mil_50mcginfendmrap,milrinone,,text,MRAP (mm Hg),,mm Hg,number,0,,,,,,,,,
mil_50mcginfendco,milrinone,,text,CO (L/min),,L/min,number,0,,,,,,,,,
mil_50mcginfendci,milrinone,,text,CI (CO/BSA) (L/min/m^2),,L/min/m^2,number,0,,,,,,,,,
mil_50mcginfendsao2,milrinone,,text,SaO2,,,number,0,,,,,,,,,
mil_50mcginfendsvo2,milrinone,,text,SvO2,,,number,0,,,,,,,,,
mil_50mcg5minpostmeasstart,milrinone,50 mcg/kg 5-min post,text,Measurement start time,,HH:MM,time,,,,,,,,,,
mil_50mcg5minposthr,milrinone,,text,Heart rate (bpm),,bpm,number,0,,,,,,,,,
mil_50mcg5minpostsbp,milrinone,,text,SBP (mm Hg),,mm Hg,number,0,,,,,,,,,
mil_50mcg5minpostdbp,milrinone,,text,DBP (mm Hg),,mm Hg,number,0,,,,,,,,,
mil_50mcg5minpostmap,milrinone,,text,MAP (mm Hg),,mm Hg,number,0,,,,,,,,,
mil_50mcg5minpostpasp,milrinone,,text,PASP (mm Hg),,mm Hg,number,0,,,,,,,,,
mil_50mcg5minpostpadp,milrinone,,text,PADP (mm Hg),,mm Hg,number,0,,,,,,,,,
mil_50mcg5minpostmpap,milrinone,,text,MPAP (mm Hg),,mm Hg,number,0,,,,,,,,,
mil_50mcg5minpostpcwp,milrinone,,text,PCWP (mm Hg),,mm Hg,number,0,,,,,,,,,
mil_50mcg5minpostmrap,milrinone,,text,MRAP (mm Hg),,mm Hg,number,0,,,,,,,,,
mil_50mcg5minpostco,milrinone,,text,CO (L/min),,L/min,number,0,,,,,,,,,
mil_50mcg5minpostci,milrinone,,text,CI (CO/BSA) (L/min/m^2),,L/min/m^2,number,0,,,,,,,,,
mil_50mcg5minpostsao2,milrinone,,text,SaO2,,,number,0,,,,,,,,,
mil_50mcg5minpostsvo2,milrinone,,text,SvO2,,,number,0,,,,,,,,,
mil_repcriteria,milrinone,,radio,Has baseline control criteria been met? (CO between final two tests differ by less than 15%),"1,YES|2,NO",,,,,,,,,,,,
muga_done,muga,,radio,MUGA completed and interpreted?,"1,Yes|2,No",,,,,,,,,,,,
muga_date,muga,,text,Date completed,,MM/DD/YY,date_ymd,,,,,,,,,,
muga_esv,muga,Left Ventricle Tomography,text,ESV (ml),,ml,number,0,,,,,,,,,
muga_edv,muga,,text,EDV (ml),,ml,number,0,,,,,,,,,
muga_sv,muga,,text,SV (ml),,ml,number,0,,,,,,,,,
muga_lvef,muga,,text,EF (%),,%,number,0,,,,,,,,,
muga_peakej,muga,,text,Peak ejection rate,,EDV/sec,number,0,,,,,,,,,
muga_pfr,muga,,text,Peak filling rate (EDV/Sec),,EDV/Sec,number,0,,,,,,,,,
muga_timepfr,muga,,text,Time to peak filling rate (msec),,msec,number,0,,,,,,,,,
muga_rvef,muga,Right Ventricle,text,First pass EF (%),,%,number,0,,,,,,,,,
muga_globalwma,muga,Wall Motion Abnormality?,radio,Global,"1,Yes|2,No",,,,,,,,,,,,
muga_segwma,muga,,radio,Segmental,"1,Yes|2,No",,,,,,,,,,,,
muga_lvtrgef,muga,,text,LV TRVG EF (%),,%,number,0,,,,,,,,,
hol_done,holter,,radio,Holter study done?,"1,Yes|2,No",,,,,,,,,,,,
hol_date,holter,24-Hour Holter,text,Test Date,,MM/DD/YY,date_ymd,,,,,,,,,,
hol_starttime,holter,,text,Starting time (24 hour clock),,HH:MM,time,,,,,,,,,,
hol_minhr,holter,,text,Minimum HR (bpm),,bpm,number,0,,,,,,,,,
hol_maxhr,holter,,text,Maximum HR (bpm),,bpm,number,0,,,,,,,,,
hol_pvchr,holter,,text,PVC/hr,,PVC/hr,number,0,,,,,,,,,
hol_heartratespan,holter,,text,Heart rate span,,bpm,number,,,,,,,,,,
hol_totalve,holter,,text,Total ventricular events,,ventricular events,number,,,,,,,,,,
hol_coupletsnum,holter,,text,Total # ventricular couplets,,couplets,number,,,,,,,,,,
hol_tripletsnum,holter,,text,Total # ventricular triplets,,triplets,number,,,,,,,,,,
hol_bigemrunnum,holter,,text,Total # runs of bigeminy,,runs of bigeminy,number,,,,,,,,,,
hol_maxveminute,holter,,text,Maximum # ventricular events/min,,ventricular events/minute,number,,,,,,,,,,
hol_maxvehour,holter,,text,Maximum # ventricular events/hour,,ventricular events/hour,number,,,,,,,,,,
hol_ve1000beats,holter,,text,# ventricular events/1000 beats,,ventricular events/1000 beats,number,,,,,,,,,,
hol_svenum,holter,Supraventricular events,text,Total # supraventricular events,,supraventricular events,number,,,,,,,,,,
hol_svecouplnum,holter,,text,Total # supraventricular couplets,,supraventricular couplets,number,,,,,,,,,,
hol_sve1000beats,holter,,text,# supraventricular events/1000 beats,,supraventricular events/1000 beats,number,,,,,,,,,,
hol_hrv,holter,Heart Rate Variability,radio,Heart rate variability parameters available?,"1,Yes|2,No",,,,,,,,,,,,
hol_asdnn5,holter,,text,ASDNN5,,ms,,,,,,,,,,,
hol_sdnn5,holter,,text,SDNN5,,ms,,,,,,,,,,,
hol_sdnn,holter,,text,SDNN,,ms,,,,,,,,,,,
hol_rmssd,holter,,text,RMSSD,,ms,,,,,,,,,,,
nha_done,neurohorm,,radio,Neurohormonal assessment performed?,"1,Yes|2,No",,,,,,,,,,,,
nha_date,neurohorm,Neurohormonal Assessment,text,Sample Date,,,date_ymd,,,,,,,,,,
nha_csnorepi,neurohorm,,text,CS Norepinephrine (pg/ml),,pg/ml,number,0,,,,,,,,,
nha_artnorepi,neurohorm,,text,Arterial Norepinephrine (pg/ml),,pg/ml,number,0,,,,,,,,,
nha_cstropi,neurohorm,,text,CS Troponin I (ng/ml),,ng/ml,number,0,,,,,,,,,
nha_arttropi,neurohorm,,text,Arterial Troponin I (ng/ml),,ng/ml,number,0,,,,,,,,,
nha_mvtropi,neurohorm,,text,Mixed Venous Troponin I (ng/ml),,ng/ml,number,0,,,,,,,,,
nha_mvnorepi,neurohorm,,text,Mixed Venous Norepinephrine (pg/ml),,pg/ml,number,0,,,,,,,,,
nha_mvangii,neurohorm,,text,Mixed Venous Angiotension II (pg/ml),,pg/ml,number,0,,,,,,,,,
nha_mvaldo,neurohorm,,text,Mixed Venous Aldosterone (ng/ml),,ng/dl,number,0,,,,,,,,,
nha_mvanp,neurohorm,,text,Mixed Venous ANP (pg/ml),,pg/ml,number,0,,,,,,,,,
nha_mvrenin,neurohorm,,text,Mixed Venous Renin (activity),,activity,number,0,,,,,,,,,
nha_artepi,neurohorm,,text,Arterial epinephrine (pg/ml),,pg/ml,number,0,,,,,,,,,
nha_csepi,neurohorm,,text,CS epinephrine (pg/ml),,pg/ml,number,0,,,,,,,,,
nha_mvepi,neurohorm,,text,Mixed venous epinephrine (pg/ml),,pg/ml,number,0,,,,,,,,,
nha_artffa,neurohorm,,text,Arterial free fatty acids (uEq/L),,uEq/L,number,0,,,,,,,,,
nha_csffa,neurohorm,,text,CS free fatty acids (uEq/L),,uEq/L,number,0,,,,,,,,,
nha_artglyc,neurohorm,,text,Arterial glycerol (uM/L),,uM/L,number,0,,,,,,,,,
nha_csglyc,neurohorm,,text,CS glycerol (uM/L),,uM/L,number,0,,,,,,,,,
nha_artlac,neurohorm,,text,Arterial lactate (mmol/L),,mmol/L,number,0,,,,,,,,,
nha_cslac,neurohorm,,text,CS lactate (mmol/L),,mmol/L,number,0,,,,,,,,,
nha_mvlac,neurohorm,,text,Mixed venous lactate (mmol/L),,mmol/L,number,0,,,,,,,,,
nha_mvchol,neurohorm,,text,Mixed venous cholesterol (mg/dL),,mg/dL,number,0,,,,,,,,,
nha_mvtrg,neurohorm,,text,Mixed venous triglycerides (mg/dL),,mg/dL,number,0,,,,,,,,,
echo_done,echo,,radio,Echo performed?,"1,Yes|2,No",,,,,,,,,,,,
echo_interpreted,echo,,radio,Echo interpretation complete?,"1,Yes|2,No",,,,,,,,,,,,
echo_date,echo,Echocardiography,text,Date completed,,MM/DD/YY,date_ymd,,,,,,,,,,
echo_lvedl,echo,LV,text,EDL (cm),,cm,number,,,,,,,,,,
echo_lvedv,echo,,text,EDV (ml),,ml,number,,,,,,,,,,
echo_lvedvmethod,echo,,dropdown,Method used to calculate EDV,"1,mod-SP2|2,mod-SP4|3,Teich|4,Simp|5,mod-BP|6,3D",,,,,,,,,,,,
echo_lvidd,echo,,text,LVIDd (cm),,cm,number,,,,,,,,,,
echo_lvvcfc,echo,,text,VCFC,,,number,,,,,,,,,,
echo_lvmass,echo,,text,LV Mass (g),,g,number,,,,,,,,,,
echo_sbp,echo,,text,SBP (mm Hg),,mm Hg,number,,,,,,,,,,
echo_lvedw,echo,,text,EDW (cm),,cm,number,,,,,,,,,,
echo_lvesv,echo,,text,ESV (ml),,ml,number,,,,,,,,,,
echo_lvesvmethod,echo,,dropdown,Method used to calculate ESV,"1,mod-SP2|2,mod-SP4|3,Teich|4,Simp|5,mod-BP|6,3D",,,,,,,,,,,,
echo_lvids,echo,,text,LVIDs (cm),,cm,number,,,,,,,,,,
echo_rhom,echo,,text,rho m (Kdynes/cm^2),,Kdynes/cm^2,number,,,,,,,,,,
echo_lvsi,echo,,text,SI,,,number,,,,,,,,,,
echo_lvef,echo,,text,EF (%),,%,number,,,,,,,,,,
echo_lvefmethod,echo,,dropdown,Method used to calculate EF,"1,mod-SP2|2,mod-SP4|3,Teich|4,Simp|5,mod-BP|6,3D",,,,,,,,,,,,
echo_lvfs,echo,,text,Fractional Shortening,,%,number,,,,,,,,,,
echo_rhoc,echo,,text,rho c (Kdynes/cm^2),,Kdynes/cm^2,number,,,,,,,,,,
echo_rvedl,echo,RV,text,EDL (cm),,cm,number,,,,,,,,,,
echo_rvdd,echo,,text,RVDd (cm),,cm,number,,,,,,,,,,
echo_rvsi,echo,,text,SI,,,number,,,,,,,,,,
echo_evel,echo,Diastolic Function,text,E velocity (cm/sec),,cm/sec,number,,,,,,,,,,
echo_avel,echo,,text,A velocity (cm/sec),,cm/sec,number,,,,,,,,,,
echo_ea,echo,,text,E/A ratio,,,number,,,,,,,,,,
echo_dt,echo,,text,DT (msec),,msec,number,,,,,,,,,,
echo_ivrt,echo,,text,IVRT (msec),,msec,number,,,,,,,,,,
echo_rvsp,echo,,text,RVSP (mm Hg),,mm Hg,number,,,,,,,,,,
mri_done,mri,,radio,MRI completed?,"1,Yes|2,No",,,,,,,,,,,,
mri_date,mri,,text,Date completed,,MM/DD/YY,date_ymd,,,,"[mri_done]=""1""",,,,,,
mri_trigr,mri,,text,Trigger R wave (msec),,msec,number,0,,,"[mri_done]=""1""",,,,,,
mri_rvedv,mri,Right Ventricle,text,EDV (ml),,ml,number,,,,"[mri_done]=""1""",,,,,,
mri_rvedvindex,mri,,text,EDV Index,,,number,,,,"[mri_done]=""1""",,,,,,
mri_rvesv,mri,,text,ESV (ml),,ml,number,,,,"[mri_done]=""1""",,,,,,
mri_rvesvindex,mri,,text,ESV Index,,,number,,,,"[mri_done]=""1""",,,,,,
mri_rvsv,mri,,text,SV (ml),,ml,number,,,,"[mri_done]=""1""",,,,,,
mri_rvsvindex,mri,,text,SV Index,,,number,,,,"[mri_done]=""1""",,,,,,
mri_rvef,mri,,text,EF (%),,%,number,,,,"[mri_done]=""1""",,,,,,
mri_rvefindex,mri,,text,EF Index,,,number,,,,"[mri_done]=""1""",,,,,,
mri_rvmass,mri,,text,Mass (g),,g,number,,,,"[mri_done]=""1""",,,,,,
mri_rvmassindex,mri,,text,Mass Index,,,number,,,,"[mri_done]=""1""",,,,,,
mri_rvstress,mri,,text,RV End Systolic Wall Stress Circumferential (Kdynes/cm^2),,Kdynes/cm^2,number,,,,"[mri_done]=""1""",,,,,,
mri_rvedmajor,mri,,text,ED major (mm),,mm,number,,,,"[mri_done]=""1""",,,,,,
mri_rvedminor,mri,,text,ED minor (mm),,mm,number,,,,"[mri_done]=""1""",,,,,,
mri_rvpfr,mri,,text,Peak filling rate (EDV/Sec),,EDV/Sec,number,,,,"[mri_done]=""1""",,,,,,
mri_rvtimepfr,mri,,text,Time to peak filling rate (msec),,msec,number,,,,"[mri_done]=""1""",,,,,,
mri_rvedthick,mri,,text,ED (cm),,cm,number,,,,"[mri_done]=""1""",,,,,,
mri_rvesthicl,mri,,text,ES (cm),,cm,number,,,,"[mri_done]=""1""",,,,,,
mri_lvedv,mri,Left Ventricle,text,EDV (ml),,ml,number,,,,"[mri_done]=""1""",,,,,,
mri_lvedvindex,mri,,text,EDV Index,,,number,,,,"[mri_done]=""1""",,,,,,
mri_lvesv,mri,,text,ESV (ml),,ml,number,,,,"[mri_done]=""1""",,,,,,
mri_lvesvindex,mri,,text,ESV Index,,,number,,,,"[mri_done]=""1""",,,,,,
mri_lvsv,mri,,text,SV (ml),,ml,number,,,,"[mri_done]=""1""",,,,,,
mri_lvsvindex,mri,,text,SV Index,,,number,,,,"[mri_done]=""1""",,,,,,
mri_lvef,mri,,text,EF (%),,%,number,,,,"[mri_done]=""1""",,,,,,
mri_lvefindex,mri,,text,EF Index,,,number,,,,"[mri_done]=""1""",,,,,,
mri_lvmass,mri,,text,Mass (g),,g,number,,,,"[mri_done]=""1""",,,,,,
mri_lvmassindex,mri,,text,Mass Index,,,number,,,,"[mri_done]=""1""",,,,,,
mri_lvedlong,mri,,text,ED long (mm),,mm,number,,,,"[mri_done]=""1""",,,,,,
mri_edshort,mri,,text,Short axis (mm),,mm,number,,,,"[mri_done]=""1""",,,,,,
mri_lvpfr,mri,,text,Peak filling rate (EDV/Sec),,EDV/Sec,number,,,,"[mri_done]=""1""",,,,,,
mri_lvtimepfr,mri,,text,Time to peak filling rate (msec),,msec,number,,,,"[mri_done]=""1""",,,,,,
mri_lvedthick,mri,,text,ED (cm),,cm,number,,,,"[mri_done]=""1""",,,,,,
mri_lvesthick,mri,,text,ES (cm),,cm,number,,,,"[mri_done]=""1""",,,,,,
final_complete,finalstatus,Final Patient Status/Study Outcome,radio,Did the Patient complete the study?,"1,Yes|2,No",,,,,,,,,,,,
final_lastdosedate,finalstatus,,text,Date of last dose of study medication,,MM/DD/YY,date_ymd,,,,,,,,,,
final_status,finalstatus,,radio,Reason patient did not complete study,"1,Death|2,Non-fatal adverse event|3,Drug ineffective|4,Lost to follow-up|5,Cardiac transplant|6,Study terminated by sponsor|7,Personal/Administrative|8,Other",,,,,,"[final_complete]=""2""",,,,,,
final_statusdetails,finalstatus,,notes,Details for not completing study,,,,,,,"[final_complete]=""2""",,,,,,
final_pidate,finalstatus,,text,PI Signature date,,MM/DD/YY,date_ymd,,,,,,,,,,
lab_done,labs,,radio,Labs completed?,"1,Yes|2,No",,,,,,,,,,,,
lab_date,labs,,text,Lab date,,MM/DD/YY,date_ymd,,,,,,,,,,
lab_sodiumperiph,labs,,text,"Sodium, peripheral blood",,mmol/L,number,,,,,,,,,,
lab_potasperiph,labs,,text,"Potassium, peripheral blood",,mmol/L,number,,,,,,,,,,
lab_chlorideperiph,labs,,text,"Chloride, peripheral blood",,mmol/L,number,,,,,,,,,,
lab_co2periph,labs,,text,"CO2, peripheral blood",,mmol/L,number,,,,,,,,,,
la_glucperiph,labs,,text,"Glucose, peripheral blood",,mg/dL,number,,,,,,,,,,
lab_bunperiph,labs,,text,"Blood urea nitrogen, peripheral blood",,mg/dL,number,,,,,,,,,,
lab_crperiph,labs,,text,Creatinine peripheral blood,,mg/dL,number,,,,,,,,,,
lab_caperiph,labs,,text,"Calcium, peripheral blood",,mg/dL,number,,,,,,,,,,
lab_magperiph,labs,,text,"Magnesium, peripheral blood",,mEq/L,number,,,,,,,,,,
lab_phosperiph,labs,,text,"Phosphorus, peripheral blood",,mg/dL,number,,,,,,,,,,
lab_totalproteinperiph,labs,,text,"Total protein, peripheral blood",,g/dL,number,,,,,,,,,,
lab_albuminperiph,labs,,text,"Albumin, peripheral blood",,g/dL,number,,,,,,,,,,
lab_totalbiliperiph,labs,,text,"Total bilirubin, peripheral blood",,mg/dL,number,,,,,,,,,,
lab_uricacidperiph,labs,,text,"Uric Acid, peripheral blood",,mg/dK,number,,,,,,,,,,
lab_astperiph,labs,,text,"AST, peripheral blood",,U/L,number,,,,,,,,,,
lab_altperiph,labs,,text,"ALT, peripheral blood",,U/L,number,,,,,,,,,,
lab_alkphosperiph,labs,,text,"Alkaline phosphatase, peripheral blood",,U/L,number,,,,,,,,,,
lab_ldperiph,labs,,text,"LDH, peripheral blood",,U/L,number,,,,,,,,,,
lab_totalcholestperiph,labs,,text,"Total cholesterol, peripheral blood",,mg/dL,number,,,,,,,,,,
lab_triglycerides,labs,,text,"Triglycerides, peripheral blood",,mg/dL,number,,,,,,,,,,
lab_digoxinperiph,labs,,text,"Digoxin, peripheral blood",,ng/mL,number,,,,,,,,,,
lab_inrperiph,labs,,text,"INR, peripheral blood",,,number,,,,,,,,,,
lab_wbcperiph,labs,,text,"WBC count , peripheral blood",,10^9/L,number,,,,,,,,,,
lab_rbcperiph,labs,,text,"RBC count, peripheral blood",,10^12/L,number,,,,,,,,,,
lab_hgbperiph,labs,,text,"Hemoglobin, peripheral blood",,g/dL,number,,,,,,,,,,
lab_hctperiph,labs,,text,Hematocrit,,%,number,,,,,,,,,,
lab_mcvperiph,labs,,text,"MCV, peripheral blood",,fL,number,,,,,,,,,,
lab_mchperiph,labs,,text,"MCH, peripheral blood",,pg,number,,,,,,,,,,
lab_mchcperiph,labs,,text,"MCHC, peripheral blood",,g/dL,number,,,,,,,,,,
lab_rdwperiph,labs,,text,"RDW, peripheral blood",,%,number,,,,,,,,,,
lab_plateletperiph,labs,,text,"Platelet count, peripheral blood",,10^9/L,number,,,,,,,,,,
lab_mpvperiph,labs,,text,"MPV, peripheral blood",,fL,number,,,,,,,,,,
lab_nrbcperiph,labs,,text,"NRBC/100 WBC, peripheral blood",,,number,,,,,,,,,,
lab_neutrophilperiph,labs,,text,"Percent neutrophils, peripheral blood",,%,number,,,,,,,,,,
lab_lymphoperiph,labs,,text,"Percent lymphocytes, peripheral blood",,%,number,,,,,,,,,,
lab_monoperiph,labs,,text,"Percent monocytes, peripheral blood",,%,number,,,,,,,,,,
lab_eosinperiph,labs,,text,"Percent eosinophils, peripheral blood",,%,number,,,,,,,,,,
lab_basoperiph,labs,,text,"Percent basophils, peripheral blood",,%,number,,,,,,,,,,
lab_absneutperiph,labs,,text,"Absolute neutrophil count, peripheral blood",,10^9/L,number,,,,,,,,,,
lab_abslymphperiph,labs,,text,"Absolute lymphocyte count, peripheral blood",,10^9/L,number,,,,,,,,,,
lab_absmonoperiph,labs,,text,"Absolute monocyte count, peripheral blood",,10^9/L,number,,,,,,,,,,
lab_abseosperiph,labs,,text,"Absolute eosinophil count, peripheral blood",,10^9/L,number,,,,,,,,,,
lab_absbasoperiph,labs,,text,"Absolute basophil count, peripheral blood",,10^9/L,number,,,,,,,,,,
lab_colorurine,labs,,text,Urine color,,,,,,,,,,,,,
lab_appearanceurine,labs,,text,Urine appearance,,,,,,,,,,,,,
lab_spgravurine,labs,,text,"Specific gravity, urine",,,number,,,,,,,,,,
lab_phurine,labs,,text,"pH, urine",,,number,,,,,,,,,,
lab_proteinurine,labs,,text,"Protein, Urine",,,,,,,,,,,,,
lab_glucoseurine,labs,,text,"Glucose, urine",,,,,,,,,,,,,
lab_ketonesurine,labs,,text,"Ketones, urine",,,,,,,,,,,,,
lab_bilirubinurine,labs,,text,"Bilirubin, urine",,,,,,,,,,,,,
lab_bloodurine,labs,,text,"Blood, urine",,,,,,,,,,,,,
lab_nitriteurine,labs,,text,"Nitrite, urine",,,,,,,,,,,,,
lab_urobilinogenurine,labs,,text,"Urobilinogen, urine",,EU/dL,number,,,,,,,,,,
lab_leukesturine,labs,,text,"Leukocyte esterase, urine",,,,,,,,,,,,,
lab_wbcurine,labs,,text,"WBC, urine",,,,,,,,,,,,,
lab_rbcurine,labs,,text,"RBC,urine",,,,,,,,,,,,,
lab_squamsurine,labs,,text,"Squamous epithelial cells, urine",,,,,,,,,,,,,
lab_bnp,labs,,text,BNP,,pg/mL,number,,,,,,,,,,
lab_tsh,labs,,text,"Thyroid stimulating hormone, peripheral blood",,uIU/mL,number,,,,,,,,,,
